NOME;REGISTRO;NASCIMENTO;IABCZ;DECA;F;DEP_PN_ED;DEP_PD_ED;DEP_PA_ED;DEP_PS_ED;DEP_PM_EM;DEP_TMD;DEP_IPP;DEP_STAY;DEP_PE_365;DEP_PE_450;DEP_E;DEP_P;DEP_M;DEP_AOL;DEP_ACAB;DEP_MAR;AC_PN_ED;AC_PD_ED;AC_PA_ED;AC_PS_ED;AC_PM_EM;AC_TMD;AC_IPP;AC_STAY;AC_PE_365;AC_PE_450;AC_E;AC_P;AC_M;AC_AOL;AC_ACAB;AC_MAR;DECA_PN_ED;DECA_PD_ED;DECA_PA_ED;DECA_PS_ED;DECA_PM_EM;DECA_TMD;DECA_IPP;DECA_STAY;DECA_PE_365;DECA_PE_450;DECA_E;DECA_P;DECA_M;DECA_AOL;DECA_ACAB;DECA_MAR
C8288_DA_MN;LBMNC8288;08/11/2003;24,09;1;2,15;0,37;9,84;14,36;20,66;-0,46;3,66;-27,29;41,6;0,701;0,994;2,353;4,249;3,573;0,644;0,359;0,359;97;97;96;97;94;_;93;91;94;95;95;95;95;93;90;90;9;1;1;1;7;2;1;1;1;1;1;1;1;3;4;4
DRONE_DA_CACHOEIRAO;FCCH826;12/10/2015;24,07;1;0,2;-0,31;6,18;9,27;15,81;1,84;6,32;-28,12;42,56;1,342;2,027;-0,066;4,251;1,965;4,252;1,102;1,102;71;72;65;71;39;_;33;28;57;61;50;50;50;61;51;51;1;1;1;1;2;1;1;1;1;1;7;1;1;1;1;1
JARGON_KA;KAPM3840;10/09/2013;23,97;1;0,2;0,14;8,08;14,27;19,39;0,14;4,4;-39,2;39,25;0,648;1,109;1,769;1,996;3,438;3,101;-1,68;-1,68;83;83;79;80;46;_;36;27;73;74;55;55;55;70;60;60;6;1;1;1;5;1;1;1;1;1;1;2;1;1;10;10
NETHAN_DA_DICA;DICO7575;30/08/2016;23,94;1;1,56;0,3;15,17;18,52;18,72;1,79;10,03;-18,8;34,81;1,023;1,74;2,121;2,528;3,865;0,248;-1,257;-1,257;67;70;54;65;38;_;32;29;40;53;40;40;40;59;50;50;8;1;1;1;2;1;1;1;1;1;1;1;1;5;10;10
D4438_DA_MN;LBMND4438;17/08/2009;23,91;1;0,59;-0,01;7,35;12,29;21,69;3,46;7,48;-10,34;42,48;0,975;1,836;2,882;7,186;7,092;3,308;1,035;1,035;72;73;72;74;53;_;44;30;54;68;80;80;80;25;15;15;4;1;1;1;1;1;2;1;1;1;1;1;1;1;1;1
IMAN_BONS;BONS1913;27/09/2010;23,8;1;0,78;0,08;8,54;10,88;15,84;2,67;6,75;-18,89;41,15;1,639;2,427;0,991;4,011;4,718;3,756;2,279;2,279;83;83;81;83;63;_;59;39;73;74;62;62;62;67;56;56;6;1;1;1;1;1;1;1;1;1;3;1;1;1;1;1
D7117_DA_MN;LBMND7117;02/11/2011;23,76;1;1,9;-0,3;9,67;15,65;20,18;0,22;5,06;-26,7;37,8;1,541;2,159;0,536;1,478;1,694;2,095;0,731;0,731;81;80;64;72;35;_;36;22;50;67;49;49;49;74;66;66;1;1;1;1;5;1;1;1;1;1;4;2;2;1;2;2
REM_FAIXA_PRETA_FIV;REMCA698;24/09/2016;23,72;1;1,95;0,22;7,29;12,42;17,65;1,11;4,22;-36,32;39,45;1,146;2,27;1,973;4,254;2,463;3,5;3,55;3,55;88;88;84;86;37;_;29;19;78;79;67;67;67;78;70;70;7;1;1;1;3;2;1;1;1;1;1;1;1;1;1;1
ECLIPSE_FIV_DA_JACAMIM;MMVA2281;06/11/2017;23,69;1;3,91;0,34;7,18;14,18;18,82;2,21;6,87;-36,22;36,1;1,342;1,9;0,977;6,4;3,98;0,041;1,526;1,526;67;75;54;56;37;_;31;24;38;41;39;39;39;40;32;32;9;1;1;1;1;1;1;1;1;1;3;1;1;6;1;1
NEVI_DA_EAO;EAO2319;01/11/2008;23,6;1;0;0,28;5,46;8,22;8,38;3,26;8,25;-30,44;44,61;0,713;0,703;-1,141;0,148;0,419;3,468;0,139;0,139;90;91;90;91;83;_;77;71;84;87;87;87;87;83;76;76;8;1;1;2;1;1;1;1;1;1;10;5;5;1;5;5
REM_GOIAS_GENETICA_ADITIVA;REMCA 1325;31/08/2017;23,43;1;0,59;0,36;7,88;10,38;13,47;1,14;6,09;-34,79;40,86;0,964;1,701;-0,604;3,735;2,288;2,842;6,09;3,46;88;86;59;61;34;_;26;21;41;40;35;35;35;46;35;31;1;1;1;1;3;1;1;1;1;1;9;1;1;1;1;1
BRASIL_FVC;FVC9906;18/09/2014;23,4;1;1,17;1,24;12,46;17,86;25,75;0,88;7,38;-21,87;34,5;0,825;1,104;4,128;3,337;5,785;2,249;1,842;1,75;81;81;77;79;40;_;33;24;58;63;65;65;65;69;58;25;10;1;1;1;3;1;1;1;1;1;1;1;1;1;1;1
LEGAL_DA_BELA;AZAP927;13/08/2013;23,38;1;2,05;0,95;12,79;18,87;22,94;2,15;9,71;-20,43;35,09;0,239;0,668;1,009;4,45;3,861;4,37;0,598;0,18;77;75;71;74;39;_;33;26;62;65;39;39;39;62;51;33;10;1;1;1;1;1;1;1;3;2;2;1;1;1;3;4
AVIADOR;JBOM8 ;12/04/2010;23,32;1;0,2;0,57;5,69;13,46;19,14;0,28;3,38;-25,71;44,08;0,511;0,817;0,054;2,257;2,797;2,582;0,25;3,89;66;84;83;84;61;_;52;35;75;77;38;38;38;42;30;28;10;1;1;1;5;1;1;1;1;1;6;1;1;1;4;1
NAVIRAI_ROCHA;CSCN14945;18/09/2015;23,23;1;0;0,62;13,32;19,73;23,36;2,03;10,19;-7,32;35,52;0,924;1,572;4,504;5,971;4,421;3,313;2,732;0,67;80;80;73;76;44;_;33;29;53;52;54;54;54;65;53;46;10;1;1;1;1;1;3;1;1;1;1;1;1;1;1;2
GOLDEN_DA_DI_GENIO;JCDG2562;03/10/2009;23,2;1;0,78;0,29;12,54;15,35;15,43;1,36;8,78;-25,32;37,71;0,545;0,688;0,612;3,886;4,266;2,064;1,073;0,79;81;80;77;79;67;_;58;50;66;71;72;72;72;52;39;26;8;1;1;1;2;1;1;1;1;1;4;1;1;1;1;2
REM_EL_TORO;REMC9828;22/10/2015;23,19;1;2,54;-0,7;5,31;9,31;13,56;5,69;10,49;-27,26;39,01;1,109;2,023;1,256;4,536;3,706;2,064;1,545;-0,26;87;87;83;84;28;_;19;18;73;75;37;37;37;76;66;51;1;1;1;1;1;1;1;1;1;1;2;1;1;1;1;7
NAVIRAI_FIV_SURREAL;CSCN15658;05/08/2016;23,19;1;0,78;0,8;7,16;13,04;16,66;1,66;5,03;-37,76;38,16;0,987;1,54;2,228;5,147;4,992;3,718;4,094;1,13;79;80;61;65;39;_;32;28;40;43;41;41;41;52;43;36;10;1;1;1;2;1;1;1;1;1;1;1;1;1;1;1
1384_TE_DE_NAV.;CSCF1384;17/11/2009;23,13;1;0;0,28;7,01;12,74;19,59;3,23;7,67;-29,25;38,12;0,63;1,086;2,829;2,576;3,3;-0,259;1,262;1,62;95;96;95;96;87;_;87;63;91;92;90;90;90;88;82;70;8;1;1;1;1;1;1;1;1;1;1;1;1;7;1;1
FEIXO_DONA_NINA;DNPP1084;16/12/2007;22,81;1;0,78;0,03;6,44;8,51;11,31;2,42;5,38;-32,27;43,33;0,555;1,04;-0,38;3,347;1,802;1,186;2,738;1,11;73;76;75;77;55;_;43;40;20;48;68;68;68;27;18;17;4;1;1;1;1;1;1;1;1;1;8;1;2;2;1;1
REM_RABINO_FIV;REM4571;16/12/2006;22,79;1;0;0,69;12,29;18,07;22,48;2,02;9,34;19,33;34,91;0,408;0,421;3,647;1,69;2,426;1,353;1,55;2,06;82;83;81;83;71;_;67;60;75;77;58;58;58;67;56;45;10;1;1;1;1;1;1;1;2;3;1;2;1;2;1;1
IAOP_10_1917;IAOP1917;20/09/2010;22,78;1;0;0,38;7,8;14,05;19,89;3,12;6,02;-31,34;38,04;0,176;0,162;1,363;2,953;1,603;1,879;0,336;0,86;71;70;70;70;49;_;40;24;19;24;16;16;16;57;44;11;9;1;1;1;1;1;1;1;4;5;2;1;2;1;4;2
VERNON_MAT;RDM8020;11/10/2014;22,74;1;0;0,87;11,72;15,24;17,99;0,61;7,18;-24,47;37,71;0,616;0,707;1,915;4,581;4,098;3,592;1,882;-0,16;88;90;88;89;54;_;50;29;79;81;72;72;72;73;62;53;10;1;1;1;4;1;1;1;1;1;1;1;1;1;1;6
NAVIRAI_13782;CSCN13782;02/12/2013;22,72;1;0,98;-0,07;9,56;15,25;21,74;0,95;6,69;-19,58;38;0,905;1,698;2,408;3,6;2,596;0,703;0,202;3,79;88;89;86;87;55;_;46;27;75;77;72;72;72;74;64;51;4;1;1;1;3;1;1;1;1;1;1;1;1;3;4;1
URANIO_DA_EAO;EAOA 3671;17/11/2015;22,7;1;2,34;0,5;8,99;15,12;20,55;3,43;8,63;-20,58;37,23;0,483;0,744;1,979;6,03;5,624;2,198;-1,883;0,74;53;80;64;68;37;_;32;28;46;57;44;44;44;61;51;38;10;1;1;1;1;1;1;1;1;1;1;1;1;1;10;2
HALTRIUM_TERRA_BRAVA;EPCF25;24/11/2010;22,63;1;0;0,27;12,99;15,26;19,64;-1,01;4,9;-22,78;36,8;1,32;1,058;0,547;5,069;3,858;2,398;0,467;-0,58;70;72;70;72;49;_;44;28;60;61;67;67;67;60;49;39;8;1;1;1;8;1;1;1;1;1;4;1;1;1;3;8
MERITO_FIV_VYDA;VYDA132;19/12/2011;22,6;1;0;0,67;10,15;17,79;24,62;3,17;8,5;-9,42;36,54;0,702;1,014;2,804;3,489;3,953;2,806;0,072;3,08;90;91;89;90;73;_;74;38;80;85;83;83;83;82;74;50;10;1;1;1;1;1;2;1;1;1;1;1;1;1;5;1
REM_BLOCK;REM7743;15/09/2012;22,57;1;0,39;0,68;8,59;12,44;17,33;3,73;8,44;-20,42;39,18;0,511;1,018;1,65;3,607;2,893;1,57;-0,273;2,39;85;86;83;85;64;_;66;26;74;79;61;61;61;80;72;52;10;1;1;1;1;1;1;1;1;1;1;1;1;1;7;1
FEDERATIVO_DO_IZ;IZSNA 1566;24/10/2006;22,54;1;0,98;0,06;12,04;16,52;23,3;-2;3,98;-24,05;39,16;0,152;0,157;5,354;3,452;1,273;1,043;0,294;3,26;82;84;80;83;61;_;64;24;61;78;66;66;66;78;70;65;5;1;1;1;10;2;1;1;4;5;1;1;2;2;4;1
BAREM_JL_DA_BAMA;AIB1411;25/07/2009;22,49;1;2,64;0,36;8,32;11,8;15,28;2,53;7,61;-24,52;39,02;0,969;0,899;2,436;6,633;5,245;3,436;0,979;1,42;85;86;77;85;66;_;61;33;66;79;43;73;73;81;74;75;9;1;1;1;1;1;1;1;1;1;1;1;1;1;2;1
LOGAN_KA;KAPM5886;18/10/2015;22,46;1;0;1,23;16,65;20,23;25;1,6;9,97;10,66;31,43;0,804;1,151;2,465;4,472;4,09;3,139;-0,896;0,9;73;73;70;72;39;_;30;25;66;65;48;48;48;62;52;26;1;1;1;1;2;1;2;4;1;1;1;1;1;1;9;2
LIDER_DP;FSHB123;09/09/2016;22,45;1;0,39;0,92;13,42;18,45;23,32;2,65;9,33;-11,8;34,13;0,676;0,761;3,199;4,467;3,12;5,908;1,238;-1,22;75;72;67;69;20;_;18;16;63;64;15;15;15;62;51;12;10;1;1;1;1;1;2;1;1;1;1;1;1;1;1;10
A8909_DP;FSHA8909;26/08/2013;22,3;1;1,56;0,46;11,09;14,29;17,15;1,25;7,51;-16,59;37,58;1,322;1,823;1,561;3,815;4,523;0,026;-2,086;-0,45;81;80;77;79;32;_;33;18;73;73;17;17;17;62;50;17;10;1;1;1;3;1;1;1;1;1;1;1;1;6;10;8
REM_QUISCO;REM3882;04/10/2005;22,29;1;3,52;-0,81;7,27;13,37;18,36;1,45;4,55;-18,28;40,61;1,223;2,083;2,934;6,454;4,717;1,55;3,034;0,22;73;71;70;73;60;_;49;47;65;66;42;42;42;67;59;44;1;1;1;1;2;1;1;1;1;1;1;1;1;1;1;4
REM_EL_GUAPO;REMC9375;07/09/2015;22,21;1;1,76;-0,38;7,37;14,37;20,58;3,13;8,7;-26,45;34,73;1,05;1,554;2,382;5,664;4,885;4,403;2,79;1,04;93;94;92;93;61;_;44;26;87;89;85;85;85;90;86;82;1;1;1;1;1;1;1;1;1;1;1;1;1;1;1;1
BUG_DE_CV;CVCV17856;15/09/2015;22,21;1;0;0,77;8,68;12,49;19,72;3,69;8,8;-31,39;33,63;0,904;1,521;2,282;3,718;4,329;0,565;1,532;0,25;74;74;61;63;35;_;31;28;46;50;38;38;38;51;41;29;10;1;1;1;1;1;1;2;1;1;1;1;1;4;1;4
VINGADOR_MAT.;RDM7794;05/09/2014;22,19;1;0,2;0,43;9,21;14,96;20,01;2,96;7,33;-17,75;36,54;1,083;1,68;1,845;4,131;3,052;1,298;0,204;-0,6;89;89;87;88;62;_;55;30;80;82;80;80;80;83;76;54;9;1;1;1;1;1;1;1;1;1;1;1;1;2;4;8
PROVADOR;IZSN3832;04/10/1995;22,13;1;0,78;0,45;9,22;13,7;20,33;-0,51;3,72;22,02;41,13;0,411;0,799;3,165;4,119;3,032;0,108;0,898;2,27;94;95;93;94;93;_;90;89;90;92;90;90;90;90;86;79;9;1;1;1;7;2;1;1;2;1;1;1;1;6;2;1
CONHAQUE_DA_GREN.;GRENA6294;11/09/2017;22,07;1;1,66;-0,06;8,46;9,98;13,77;1,32;5,84;-22,18;41,47;0,994;1,517;1,395;4,059;3,261;0,693;4,186;0,42;80;76;46;46;24;_;22;19;21;25;20;20;20;20;18;18;4;1;1;1;2;1;1;1;1;1;2;1;1;3;1;3
REM_ATOLO;REM7259;18/11/2011;22,01;1;3,12;0,04;3,89;10,75;15,51;-1,79;-1,49;-29,49;43,87;1,953;2,627;0,82;5,608;3,391;2,617;1,996;-1,22;89;90;87;89;58;_;35;27;82;85;52;52;52;86;81;72;5;2;1;1;10;8;1;1;1;1;3;1;1;1;1;10
INGLES_DA_DI_GENIO;JCDG3559;10/09/2011;22;1;0;0,7;12,41;19;26,05;1,22;6,99;-0,02;35,18;1,636;1,756;5,386;4,279;3,435;4,027;0,399;-1,48;80;79;78;79;50;_;51;25;74;73;74;74;74;46;32;22;10;1;1;1;3;1;6;1;1;1;1;1;1;1;3;10
REM_DIABLU;REMC8206;09/09/2014;21,95;1;0,39;0,17;6,61;12,61;20,43;1,94;6,58;-22,18;37,57;1,253;1,765;2,071;5,582;3,319;4,202;0,388;2,53;91;91;90;91;65;_;59;28;85;87;82;82;82;88;83;73;7;1;1;1;1;1;1;1;1;1;1;1;1;1;3;10
JHVM_11122_CAMPARIO;JHVM11122;28/08/2013;21,88;1;0,39;0,5;9,17;13,86;17,44;4,69;10,7;-29,78;33,85;0,253;0,454;2,755;2,083;1,204;1,774;2,099;1,08;78;76;74;75;48;_;43;18;67;67;17;17;17;49;35;32;10;1;1;1;1;1;1;2;3;3;1;2;3;1;1;1
REM_AGORTAN;REMC5809;03/11/2011;21,85;1;0,78;0,08;13,27;18,44;20,69;-0,51;6,08;-13,34;35,6;1,284;1,334;1,428;4,082;3,818;0,569;0,908;1,09;72;71;70;71;51;_;35;27;60;65;41;41;41;63;66;48;6;1;1;1;7;1;2;1;1;1;1;1;1;4;2;1
TOKINHO_DA_MN;LBMND5573;18/08/2010;21,85;1;2,05;0,47;6,15;11,12;14,84;2,77;6,36;-21,56;42,48;0,304;0,729;1,872;3,708;3,408;3,251;2,216;0,3;73;73;68;68;46;_;38;24;62;63;66;66;66;27;16;13;10;1;1;1;1;1;1;1;3;1;1;1;1;1;1;4
GURKA_DA_M.CHUVA;NAD8865;04/09/2007;21,77;1;0,59;0,3;6,6;11,37;16,88;0,45;4,71;-22,87;43,05;0,309;1,103;2,98;3,058;3,394;2,944;-0,645;2,19;87;88;86;87;78;_;78;66;73;82;84;84;84;63;50;41;8;1;1;1;4;1;1;1;3;1;1;1;1;1;8;1
RAIO_DA_JHR;JHR2519;28/08/2011;21,75;1;0;0,35;6;10,64;14,13;0,44;4,32;-34,47;41,45;0,449;1,47;1,658;2,878;3,231;0,356;-0,384;-1,1;73;74;72;74;61;_;55;40;58;61;39;39;39;48;36;30;9;1;1;1;5;1;1;1;2;1;1;1;1;5;7;10
BYO_FIV_COL;COL24747;28/09/2016;21,74;1;0,39;0,27;5;9,8;11,56;4,66;9,45;24,19;39,72;0,927;1,137;2,412;5,409;3,766;2,089;2,37;0,14;75;72;62;67;22;_;21;18;51;52;18;18;18;37;22;17;8;2;1;1;1;1;1;1;1;1;1;1;1;1;1;5
ATOL_DA_ELGE;ELGE3910;27/08/2015;21,64;1;1,86;-0,69;8,85;12,93;17,04;3,87;8,75;-13,02;39,12;0,51;0,757;2,207;7,114;5,585;1,685;7,326;4,11;82;81;64;78;27;_;22;13;47;69;62;62;62;78;72;72;1;1;1;1;1;1;2;1;1;1;1;1;1;1;1;1
NAVIRAI_MAGNUM;CSCN12622;06/08/2012;21,52;1;0;0,21;6,41;9,65;12,58;2,12;6,27;-25,34;41,68;0,645;1,072;0,831;4,904;4,96;2,846;3,52;1,63;90;90;88;89;70;_;65;20;79;82;75;75;75;81;73;62;7;1;1;1;1;1;1;1;1;1;3;1;1;1;1;1
HOBBY_FIV_DA_BELA;AZAN1224;27/08/2010;21,52;1;0;-0,14;4,09;10,12;20,01;3,05;6,58;-14,83;40,82;1,11;1,841;1,744;3,967;4,615;3,464;1,172;-0,37;68;71;67;71;48;_;39;33;52;59;52;52;52;50;38;15;3;2;1;1;1;1;1;1;1;1;1;1;1;1;1;7
REM_EMPOLGADHO;REMC9121;17/08/2015;21,51;1;0;0,3;5,59;7,87;12,43;2,84;6,53;18,94;41,13;1,679;2,305;0,605;6,198;3,377;4,492;1,434;1,13;73;76;66;73;40;_;30;27;56;65;47;47;47;68;59;53;8;1;1;1;1;1;1;1;1;1;4;1;1;1;1;1
INTERADO_DA_DI_GENIO;JCDN1977;28/08/2011;21,42;1;0,2;1,54;11,07;16,81;23,83;0,71;6,04;-13,14;38,32;-0,05;0,069;3,909;1,02;2,166;1,207;0,091;-0,13;73;74;72;75;50;_;43;31;65;69;57;57;57;46;32;25;10;1;1;1;4;1;2;1;7;5;1;3;1;2;55;6
D4685_DA_MN;LBMND4685;26/09/2009;21,41;1;4,1;0,12;3,23;8,4;12,89;5,02;8,19;-23,55;40,71;0,909;1,179;1,47;5,867;5,016;1,433;5,082;0,73;97;97;96;97;92;_;92;82;93;94;94;94;94;94;91;83;6;3;1;1;1;1;1;1;1;1;1;1;1;1;1;2
IMPACTO_FIV_RG;RGM4376;08/10/2016;21,23;1;0;-0,06;7,3;10,64;15,34;0,96;5,07;-23,19;40,78;0,784;1,003;1,04;5,682;4,579;0,712;5,24;0,27;60;74;72;74;24;_;21;17;31;30;24;24;24;74;66;60;4;1;1;1;3;1;1;1;1;1;2;1;1;3;1;4
REM_CABALLERO;REM8747;13/09/2013;21,19;1;1,37;0,23;10,39;17,17;25,09;-0,51;5,68;-15;34,34;1,394;2,122;2,99;4,753;2,453;4,672;1,823;2,29;91;91;89;91;72;_;67;22;84;87;74;74;74;89;85;79;7;1;1;1;7;1;1;1;1;1;1;1;1;1;1;1
AVESSO_TE_DA_BELA;AZAN5;04/09/2003;21,17;1;0;0,17;5,56;10,22;14,22;3,76;7,57;-25,84;36,17;1,747;2,326;1,98;3,127;2,387;1,338;-0,155;-1,29;94;94;93;94;89;_;88;83;90;92;92;92;92;88;83;57;7;1;1;1;1;1;1;1;1;1;1;1;1;2;6;10
GHETO_FIV_DA_EUROPA;NCA3858;01/11/2012;21,16;1;0;-0,05;6,98;13,18;18,1;1,78;6,95;-20,47;37,81;0,988;1,137;-0,564;6,037;4,778;4,122;2,161;0,48;86;86;82;84;58;_;51;17;77;79;49;49;49;77;69;43;4;1;1;1;2;1;1;1;1;1;8;1;1;1;1;3
CONNAN_COL;COLA3203;20/11/2003;21,13;1;0;-0,07;4,95;11,46;16,69;2,92;6,2;-23,38;39,2;0,861;1,222;0,834;1,032;-0,168;1,361;2,666;0,14;84;85;83;84;72;_;66;60;75;80;78;78;78;68;56;29;4;2;1;1;1;1;1;1;1;1;3;3;6;2;1;5
NEHRU_MAT;RDM4305 ;04/09/2009;21,13;1;0;0,51;10,49;16,98;23,93;-1,42;4,04;-16,42;37,08;0,838;0,837;0,196;7,054;4,646;5,252;2,888;0,14;88;87;84;86;75;_;70;63;78;80;76;76;76;78;70;61;10;1;1;1;9;2;1;1;1;1;6;1;1;1;1;1
KOCHI_KA;KAPO330;20/10/2014;21,12;1;0;0,33;11,72;16,34;22,6;-1,84;3,98;-26,35;32,11;1,865;2,242;0,687;6,04;5,548;4,526;2,324;2,41;86;85;68;69;49;_;40;28;59;55;38;38;38;47;37;30;9;1;1;1;10;2;1;3;1;1;4;1;1;1;1;1
REM_STATES;REMC2673;09/10/2007;21,08;1;6,25;0,5;12,5;17,27;21,88;-0,49;4,95;-22,17;33,86;0,924;1,668;5,247;3,338;3,27;1,435;1,847;1,7;78;77;73;76;54;_;53;44;65;71;67;67;67;56;44;31;10;1;1;1;7;1;1;2;1;1;1;1;1;1;1;1
5612_ALO_BRASIL;MNS5612;21/09/2012;20,98;1;1,17;-0,03;4,82;7,22;10,34;4,11;7,8;-36,04;37,59;1,04;1,324;1,655;6,501;5,408;1,699;0,329;-4,67;90;90;88;89;74;-;65;27;84;84;76;76;76;85;79;50;4;2;2;1;1;1;1;1;1;1;1;1;1;1;7;10
COWBOY_MAT;RDMA645;23/10/2017;20,96;1;0;0,85;8,87;14,77;19,99;0,95;5,56;-22,43;35,53;1,098;1,545;0,089;0,586;0,484;2,551;1,13;0,64;86;86;60;61;36;_;28;24;45;47;39;34;39;43;35;31;10;1;1;1;3;1;1;1;1;1;6;4;5;1;1;2
GANGES_COL;COLA6879;23/09/2007;20,93;1;0;0,14;6,01;11,31;16,2;0,1;2,87;-22,76;41,22;1,127;1,489;1,288;7,245;6,717;2,048;0,799;-4,09;96;96;96;96;95;_;91;84;93;94;93;93;93;91;88;82;6;1;1;1;5;3;1;1;1;1;2;1;1;1;2;10
MASTER_DA_GREN;GRENA2618;25/08/2016;20,9;1;0,68;-0,29;4,42;8,4;11,02;4,83;9,27;-23,7;40,06;0,682;0,523;-2,051;3,237;1,526;0,989;1,832;1,76;82;81;67;75;36;_;29;27;41;68;77;77;77;42;31;30;2;2;1;1;1;1;1;1;1;2;10;1;2;2;1;1
A_471_NITRO_DA_GUAI;GUAIA471;22/08/2010;20,76;1;0;-0,07;8,68;11,79;19,75;3,39;9,34;-19,99;35,61;0,402;0,981;0,92;3,179;3,663;3,487;1,136;0,47;85;84;66;82;55;_;53;43;51;80;39;39;39;50;37;34;4;1;1;1;1;1;1;1;2;1;3;1;1;1;1;3
ENSAIO_TE_DA_BELA;AZAN757;06/08/2007;20,76;1;0,2;0,14;11,95;16,09;18,82;2,04;8,9;-15,85;33,91;0,749;1,421;3,212;2,704;2,625;1,405;1,495;-0,22;79;79;76;78;61;_;51;51;44;75;83;83;83;26;15;9;6;1;1;1;1;1;1;2;1;1;1;1;1;1;1;6
TORNADO_MAT;RDM7142;29/09/2013;20,74;1;0,2;1,44;11,12;17,74;22,69;-2,29;2,67;-6,99;38,45;1,384;2;3,772;4,725;3,364;3,741;-0,664;0,89;80;80;78;79;53;_;46;29;72;71;61;61;61;71;61;42;10;1;1;1;10;3;3;1;1;1;1;1;1;1;8;2
BARAC_FIV_DA_S.NICE;GRIA9868;07/12/2009;20,69;1;4,83;-0,51;4,4;9,25;11,53;9,29;12,62;-30,06;33,58;0,607;1,157;1,522;2,658;1,614;-1,107;-0,126;-0,63;86;87;83;86;65;_;66;39;70;77;79;79;79;71;61;59;1;2;1;1;1;1;1;2;1;1;1;1;2;9;6;8
BELGRADO_DA_S_NICE;GRIB2958;31/07/2013;20,68;1;0;0,04;5,92;9,93;12,6;2,58;6,62;-21,45;41,06;0,628;0,648;2,646;6,473;5,608;0,704;3,169;3,04;91;91;87;89;54;_;48;29;78;81;79;79;79;80;72;69;5;1;1;1;1;1;1;1;1;2;1;1;1;3;1;1
BLOQUEIO_JL_DA_BAMA;AIB1346;17/07/2009;20,65;1;0;-0,44;4,14;7,37;14,89;2,39;6,04;-12,78;45,09;0,44;1,263;1,266;5,258;3,996;-2,192;0,445;0,43;64;71;54;68;53;_;48;33;40;63;42;42;42;60;50;50;1;2;2;1;1;1;2;1;2;1;2;1;1;10;3;3
HARIOLO_DA_TRAD;TECO752;31/10/2007;20,65;1;2,05;0,48;8,63;15,03;22,29;3,15;7,86;-17,21;35,88;0,064;-0,313;0,917;5,107;4,785;1,525;-0,6;-1,41;83;84;80;83;67;_;66;38;71;77;73;73;73;69;58;47;10;1;1;1;1;1;1;1;5;8;3;1;1;1;8;10
B9707_DA_MN;MANAB9707;21/10/1996;20,62;1;0,59;-0,03;1,56;8;10,9;6,36;8,56;-17,7;41,37;1,043;1,401;1,657;3,017;1,418;0,947;1,441;-1,18;88;88;88;88;85;_;79;75;81;83;74;74;74;82;76;67;4;5;1;1;1;1;1;1;1;1;1;1;2;2;1;10
DOUTOR_DA_TERRA_BRAVA;EPCF2058;17/11/2016;20,62;1;6,45;1,36;10,17;9,29;14,44;3,97;9,81;-20,93;33,45;1,575;1,961;2,604;4,001;2,519;1,568;1,097;-1,55;85;87;84;86;39;_;29;18;77;78;71;71;71;78;70;44;10;1;1;1;1;1;1;2;1;1;1;1;1;1;1;10
FERTIL_DO_IZ;IZSNA 1561;22/10/2006;20,59;1;2,44;-0,04;7,63;14,61;22,93;-0,81;2,19;-23,32;33,45;0,087;0,724;4,487;3,231;1,042;2,058;-0,664;1;71;74;68;73;58;_;58;48;40;58;11;11;11;60;47;40;4;1;1;1;8;3;1;1;5;1;1;1;3;1;8;1
MADERO_KA;KAPM6539;02/09/2016;20,58;1;0;0,38;10,41;18,37;21,75;2,41;7,44;-13,74;32,97;1;1,29;-0,025;3,683;3,256;1,011;0,338;1,7;73;72;64;87;38;_;30;26;60;59;46;46;46;58;48;28;9;1;1;1;1;1;1;2;1;1;6;1;1;2;4;1
JATA JUMBO;JATA584;29/09/2012;20,57;1;0;0,02;7,78;9,63;12,77;-0,41;2,48;-27,19;40,2;1,348;1,958;-0,128;6,658;3,961;2,74;2,418;0,07;86;88;86;88;67;_;69;27;70;77;81;81;81;46;34;31;5;1;1;1;7;3;1;1;1;1;7;1;1;1;1;5
B5823_FIV_DA_S.NICE;GRIB5823;29/08/2016;20,56;1;2,34;-0,07;4,63;9,53;13,35;3,08;6,39;-22,4;39,07;1,359;1,995;2,155;4,681;3,87;4,528;-0,268;0,49;82;79;66;69;38;_;30;24;41;46;47;47;47;51;41;40;3;2;1;1;1;1;1;1;1;1;1;1;1;1;7;3
REM_CARTHAGO;REM9274;20/12/2013;20,56;1;1,66;-0,13;7,87;13,29;15,6;4,68;10,23;-15,87;34,29;1,306;1,997;0,419;4,89;3,158;0,473;4,188;2,91;85;84;74;81;41;_;32;16;62;75;37;37;37;77;68;66;3;1;1;1;1;1;1;1;1;1;5;1;1;4;1;1
REM_FANTASTICO;REMA883;28/08/2016;20,55;1;1,17;0,74;9,07;12,09;16,32;4,66;8,17;-13,15;36,09;1,037;1,706;3,336;3,495;5,436;1,751;2,513;1,44;81;82;75;80;37;_;28;22;65;74;55;55;55;78;71;67;10;1;1;1;1;1;2;1;1;1;1;1;1;1;1;1
RUBAIAH_MAT.;RDM5102;04/08/2011;20,51;1;1,95;0,35;7,67;11,97;17,32;1,16;5,11;-30,34;36,34;0,743;1,193;1,313;4,396;4,014;2,068;1,22;1,58;83;84;82;83;68;_;64;49;72;74;70;70;70;60;48;35;9;1;1;1;3;1;1;1;1;1;2;1;1;1;1;1
B1909_DA_JANDAIA;AIAB1909;13/10/2012;20,49;1;0;0,47;6,46;10,59;12,48;1,63;4,69;-28,33;40,59;0,391;1,144;-0,431;2,744;3,296;-0,551;0,51;-0,02;72;74;69;73;48;_;44;29;60;65;42;42;42;44;33;31;10;1;1;1;2;1;1;1;2;1;8;1;1;8;3;5
POKEMOM_FIV_DE_NAVIRAI;CSCC5339;09/12/2014;20,41;1;0;-0,15;0,71;4,67;8,2;1,44;3,19;-38,07;43,71;1,064;1,489;2,116;4,712;4,452;3,58;3,039;0,01;80;80;78;80;60;_;46;31;67;72;48;48;48;77;69;69;3;6;3;2;2;2;1;1;1;1;1;1;1;1;1;5
CORONEL_DA_MN;LBMND1564;08/10/2006;20,34;1;2,93;-0,76;3,6;9,46;14,88;0,8;3,41;-21,75;41,32;1,482;2,629;0,206;2,293;2,114;1,585;0,986;-0,8;94;94;93;94;82;_;82;51;90;91;90;90;90;84;77;67;1;3;1;1;4;2;1;1;1;1;6;1;1;1;2;9
VOLESSO_DAS_CANGAS;ECA6408;12/12/2011;20,27;1;0;0,54;10,24;14,81;16,69;2,55;8,2;-11,74;36,47;0,698;0,709;3,731;1,608;2,457;2,392;-1,004;0,96;37;78;76;78;47;_;44;30;41;68;26;26;26;28;18;18;10;1;1;1;1;1;2;1;1;1;1;2;1;1;9;2
D1484_DA_MN;LBMND1484;01/10/2006;20,2;1;3,12;-1,2;2,07;8,99;15,04;7,79;11,2;-16,92;38,49;0,338;0,76;1,421;5,675;4,193;0,449;4,128;2,62;89;90;87;89;78;_;76;46;79;83;79;79;79;82;75;69;1;4;1;1;1;1;1;1;2;1;2;1;1;4;1;1
AYMA_MATI;MATI1668;12/08/2015;20,19;1;0,39;0,69;8,8;13,5;18,81;2,71;8,1;-25,17;34,37;0,275;0,122;2,427;3,908;3,911;0,746;0,439;0,04;70;73;68;70;38;_;31;21;54;58;45;45;45;59;48;31;10;1;1;1;1;1;1;1;3;5;1;1;1;3;7;5
JAAC_510;JAAC510;20/03/2011;20,18;1;2,54;0,59;7,01;11,28;16,35;2,91;7,4;-19,59;38,34;0,388;0,365;2,231;4,532;4,388;1,924;1,126;-1,37;68;74;70;73;36;_;35;8;54;62;51;51;51;23;10;6;10;1;1;1;1;1;1;1;2;3;1;1;1;1;1;10
BANJO_MAT.;RDM9106;26/08/2016;20,11;1;0,78;-0,05;4,74;14,72;21,03;3,31;7,14;21,51;35,25;0,678;1,464;1,682;3,86;3,234;3,225;0,143;1,48;70;72;59;60;20;_;15;10;43;28;19;19;19;34;24;16;4;2;1;1;1;1;1;1;1;1;1;1;1;1;5;1
SPARK_DP;FSHA9699;11/08/2015;20,11;1;0,78;0,5;8,99;17,73;21,91;-1,32;2,35;-21,54;37,17;0,443;0,829;3,534;3,698;3,344;2,261;1,412;1,31;77;76;74;76;44;_;35;27;70;71;39;39;39;72;64;36;10;1;1;1;9;3;1;1;2;1;1;1;1;1;1;1
D2318_DA_MN;LBMND2318;15/08/2007;20,09;1;8,79;0,59;5,01;10,54;16,32;4,88;8,03;15,66;39,6;0,195;0,6;1,048;4,394;1,364;2,719;-0,028;0,39;80;82;77;81;60;_;66;45;44;72;57;57;57;65;53;54;10;2;1;1;1;1;1;1;1;2;2;1;2;1;5;3
A7398_DA_GUAI;GUAIA7398;13/10/2015;20,08;1;3,12;0,56;9,57;12,35;13,71;5,65;11,88;-15,89;33,61;0,774;1,019;0,106;2,662;3,818;0,659;-1,704;0,22;71;74;65;68;36;_;29;26;44;48;36;36;36;40;29;28;10;1;1;1;1;1;1;2;1;1;6;1;1;3;10;4
CHARUTO_FIV_ITAJAI;WSBK249;05/01/2016;20,03;1;0;0,53;5,9;11,73;18,26;3,36;6,75;-8,93;40,03;0,61;1,402;2,546;4,623;3,406;0,982;3,4;0,3;80;83;76;79;36;_;30;27;60;69;51;51;51;59;47;30;10;1;1;1;1;1;3;1;1;1;1;1;1;2;1;4
REM_SABELO;REM4787;29/10/2007;19,98;1;3,91;-0,33;4,5;7,61;12,57;5,61;8,79;-35,77;34,92;0,638;1,379;1,711;3,025;2,305;1,456;3,436;-2,7;82;83;81;83;71;_;62;61;77;79;71;71;71;82;75;67;1;2;1;1;1;1;1;1;1;1;1;1;1;1;10;10
REM_DULLDOG;REMC8332;19/09/2014;19,96;1;0,39;1,11;15,16;21,52;26,45;2,53;11,99;-20,98;21,46;1,393;1,975;5,232;5,389;4,423;3,745;0,693;3,4;94;95;91;93;60;_;64;17;84;86;82;82;82;85;79;65;10;1;1;1;1;1;1;10;1;1;1;1;1;1;2;1
QUANDO_DO_JHV;JHVM4835;13/09/2007;19,96;1;1,56;0,14;5,5;13,92;13,81;7,07;11,74;-14,76;35,39;0,489;0,808;2,539;1,321;0,701;-0,001;-0,14;-0,79;86;86;84;85;78;_;71;67;81;83;67;67;67;71;59;20;6;1;1;1;1;1;1;1;1;1;1;3;4;6;6;9
TAIGUARA_57_DA_BACURI;MGL1714;12/12/2011;19,95;1;0;1,02;6,87;12,51;18,03;4;8,21;-17,33;36,44;0,429;1,005;2,138;3,706;2,463;0,25;-0,599;-1,68;77;76;71;74;42;_;49;25;57;64;42;42;42;59;45;29;10;1;1;1;1;1;1;1;2;1;1;1;1;5;8;10
REM_TORIXOREU;REMC3462;12/11/2008;19,92;1;4,69;0,76;7,69;14,56;21,56;2,73;6,96;-13,02;33,69;1,465;1,726;3,018;5,75;3,809;3,248;2,115;0,11;94;94;93;94;88;_;86;80;90;91;84;84;84;93;90;83;10;1;1;1;1;1;2;2;1;1;1;1;1;1;1;5
REM_RICKET;REM4237;29/09/2006;19,91;1;0,78;0,41;6,95;9,37;11,19;2,6;6,73;-23,58;37,49;1,318;1,806;1,599;0,487;1,76;3,509;2,814;0,62;93;93;92;93;88;_;85;83;90;91;86;86;86;91;88;82;9;1;1;1;1;1;1;1;1;1;1;5;2;1;1;3
JHELUM_COL;COL20199;19/12/2010;19,88;1;0;-0,05;4,1;7,52;9,77;1,42;4,56;-23,18;44,55;0,336;0,228;0,044;6,02;4,636;0,92;2,776;-1,33;90;90;89;90;78;_;77;60;85;87;74;74;74;81;73;58;4;2;1;1;2;1;1;1;2;4;6;1;1;3;1;10
AVATAR_MAT.;RDM8694;10/11/2015;19,86;1;2,54;0,01;8,03;12,39;16,7;0,68;5,55;-21,62;34,7;1,791;2,106;3,402;3,419;4,742;2,741;-0,355;0,52;90;89;86;88;42;_;38;30;76;76;61;61;61;63;50;37;5;1;1;1;4;1;1;1;1;1;1;1;1;1;7;3
ARTILHEIRO_FVC;FVCP332;18/09/2015;19,77;1;0;0,41;9,74;13,06;17,2;-2,19;1,94;-14,65;41,41;0,651;0,568;-1,142;7,043;5,444;1,261;1,838;-1,84;94;94;90;92;50;_;42;29;83;85;84;84;84;87;81;48;9;1;1;1;10;4;1;1;1;2;10;1;1;2;1;10
REM_VATICOM;REM6503 ;26/10/2010;19,7;1;0;0,6;9,76;15,64;20,9;-0,01;3,96;-18,17;36,92;0,265;0,596;3,285;5,325;4,318;1,862;3,868;0,93;78;80;76;79;51;_;39;35;67;72;60;60;60;72;62;44;10;1;1;1;6;2;1;1;3;2;1;1;1;1;1;2
VELERO_MAT;RDM7698;22/08/2014;19,66;1;0,78;0,32;12,32;16,54;22,68;1,33;7,58;-17,41;29,95;1,121;2,073;2,378;2,384;2,175;5,208;-0,315;-0,68;87;88;83;85;49;_;45;30;78;80;66;66;66;79;71;43;8;1;1;1;2;1;1;5;1;1;1;1;1;1;7;8
REM_QUERO-QUERO;REM3787;03/07/2005;19,65;1;0;-1,16;2,34;6,34;11,48;5,44;8,8;-22,69;40,57;0,366;0,614;0,468;3,804;2,022;0,763;3,849;-0,81;74;73;72;74;60;_;40;41;66;68;27;27;27;74;66;55;1;4;2;1;1;1;1;1;2;2;4;1;1;3;1;9
IMPERADOR_CAMPARINO;JHVM14716;01/09/2016;19,64;1;0,78;0,34;11,33;16,17;23,18;2,15;8,27;-1,27;32,75;1,496;1,543;0,507;3,804;3,699;1,984;-1,291;-0,06;89;88;75;78;33;_;26;20;64;62;36;36;36;63;51;26;9;1;1;1;1;1;5;2;1;1;4;1;1;1;10;6
REM_FABULOSO;REMA1072;01/10/2016;19,54;1;3,32;0,55;7,67;10,96;16,15;2,54;7,2;-13,83;35,28;1,756;2,292;2,768;6,499;4,695;4,067;3,504;-0,7;77;80;75;78;35;_;28;25;64;66;59;59;59;65;53;48;10;1;1;1;1;1;1;1;1;1;1;1;1;1;1;8
CEN_9030_ESTUQUE_TE;CEN9030;07/10/2013;19,49;1;0;-0,77;3,42;6,65;12,73;5,29;7,67;-17,56;40,16;0,709;1,528;1,691;3,237;2,449;1,48;0,91;0,37;83;81;79;81;45;_;44;29;70;74;65;65;65;47;35;33;1;3;2;1;1;1;1;1;1;1;1;1;1;1;2;3
REM_AMEROZ;REM7353;30/11/2011;19,29;1;1,17;0,66;10,27;15,53;18,32;-0,02;5,38;-16,88;35,23;0,805;0,967;3,015;4,761;3,052;1,175;-1,087;-0,73;70;72;66;72;52;_;48;32;60;66;41;41;41;69;60;50;10;1;1;1;6;1;1;1;1;1;1;1;1;2;9;9
RAIN;RSAN2876;30/10/2008;19,27;1;0,59;0,46;10,49;14,29;19,33;0,79;5,94;-16,88;36,32;0,793;1,043;0,416;3,193;3,844;3,102;2,657;1,61;91;91;89;91;79;_;82;64;83;85;85;85;85;77;67;40;9;1;1;1;4;1;2;1;1;1;5;1;1;1;1;1
SHERLOCK_MAT;RDM6023;08/09/2012;19,26;1;0;0,58;9,44;15,23;20,3;-0,02;5,05;-17,16;33,09;1,555;2,005;0,867;7,009;5,186;3,416;2,623;-1,1;96;97;96;97;87;_;85;28;93;94;92;92;92;93;90;78;10;1;1;1;6;1;1;2;1;1;3;1;1;1;1;10
ESTUDIOSO_DA_QUIL;QUIL10339;04/10/2007;19,24;1;0,2;0,41;6,93;10,01;12,38;2,4;6,56;-26,34;37,39;0,497;0,937;1,058;1,895;2,083;2,711;0,92;2,13;48;79;77;79;57;_;50;45;20;61;17;17;17;27;17;17;9;1;1;1;1;1;1;1;1;1;2;2;1;1;2;1
CEN_3120_INSOLUTO;CEN3120;06/10/2001;19,23;1;1,17;0,1;4,74;9,88;13,91;1,16;5,01;18,06;43,07;-0,039;-0,423;2,159;3,303;3,149;2,582;-0,524;-0,9;90;90;88;89;85;_;80;75;85;87;81;81;81;53;39;26;6;2;1;1;3;1;1;1;6;9;1;1;1;1;8;9
REM_PLUTO_TE;REMT3278;23/05/2004;19,23;1;0;0,69;8,83;13,01;17,54;1,84;6,28;-24,73;34,42;0,448;0,962;2,655;2,931;1,271;0,794;0,152;0,82;78;77;74;78;67;_;59;52;68;73;70;70;70;74;65;51;10;1;1;1;2;1;1;1;2;1;1;1;2;3;5;2
REM_FUSCAO;REMA1230;01/11/2016;19,22;1;1,17;0,79;9,29;19,66;28,02;1,84;6,55;-5,99;31,04;0,991;1,182;2,638;3,997;5,127;5,094;4,509;3,84;84;84;79;81;36;_;29;22;67;71;45;45;45;78;71;57;10;1;1;1;1;1;4;4;1;1;1;1;1;1;1;1
HISTORICO_RG;RGM4014;15/10/2015;19,07;1;4,2;0,37;7,82;12,73;17,46;2,57;7,38;-17,38;34,05;1,111;1,162;0,041;5,053;3,487;2,217;4,509;0,11;82;83;76;78;39;_;28;19;61;59;58;58;58;74;65;64;9;1;1;1;1;1;1;1;1;1;6;1;1;1;1;5
TAKAR_MAT;RDM6687;08/08/2013;19;1;0;0,31;8,81;12,11;15,03;3,38;9,27;-8,67;37,06;0,465;0,861;1,21;1,754;2,039;0,976;0,234;-0,26;75;74;66;67;49;_;45;30;43;48;40;40;40;44;34;32;8;1;1;1;1;1;3;1;1;1;2;2;1;2;4;7
QUARACA_34_DA_BACURI;MGL1202;06/10/2008;18,98;1;0;0,38;10;14,73;18,12;3,3;9,27;-9,81;32,83;0,465;1,581;2,038;1,116;1,095;3,1;0,245;1,59;90;91;89;91;77;_;77;67;85;87;85;85;85;81;73;38;9;1;1;1;1;1;2;2;1;1;1;3;3;1;4;1
LUSITANO_DONA_NINA;DNPP1994;29/09/2009;18,95;1;0;0,56;13,21;15,34;21,31;-3,24;1,47;-2,3;41,38;0,465;0,464;1,527;2,206;0,961;1,356;0,504;0,05;69;73;73;74;46;_;37;33;18;22;34;34;34;22;11;10;10;1;1;1;10;4;5;1;5;2;1;1;3;2;3;5
GARRIDO_FIV_DA_MIMA;MIMA371;18/12/2006;18,91;1;0;0,89;9,15;14,17;18,03;3,02;9,29;-31,54;30,04;0,162;0,729;1,25;-0,766;1,336;2,27;-1,284;-0,22;34;70;67;68;49;_;41;27;21;40;48;48;48;27;18;16;10;1;1;1;1;1;1;5;4;1;2;8;2;1;10;6
IAOP_15_SHEIK;IAOP4424;14/10/2015;18,88;1;1,76;0,89;9,16;15,34;20,87;0,34;5,71;-15,97;34,09;0,822;1,23;1,275;2,126;1,599;1,847;-0,252;-1,39;70;76;72;74;30;_;23;16;55;59;30;30;30;52;38;20;10;1;1;1;5;1;1;1;1;1;2;2;2;1;6;10
7176/04_PO;QUIL7176;04/12/2004;18,87;1;1,56;0,44;9,13;13,52;16,27;2,76;8,7;-12,85;32,61;1,489;1,763;2,374;1,454;1,255;1,577;0,673;-0,57;90;91;88;90;76;_;76;62;81;85;84;84;84;70;57;40;9;1;1;1;1;1;2;2;1;1;1;3;3;1;2;8
469_FIV_DA_TERRA_BRAVA;EPCF469;27/10/2012;18,84;1;0;0,9;8,69;13,52;19,44;3,15;7,68;-6,21;33,89;1,369;2,13;3,725;0,964;1,613;2,133;0,673;-1,8;74;82;81;82;47;_;42;29;65;69;60;60;60;64;52;32;10;1;1;1;1;1;3;2;1;1;1;3;2;1;10;10
BITELO;TECO105;29/06/2001;18,84;1;2,34;0,28;6,56;10,64;15,88;2,91;6,59;-18,02;36,62;0,733;0,868;1,958;4,517;3,251;0,274;-1,588;-0,3;97;97;97;97;95;_;94;92;94;96;96;96;96;94;91;89;8;1;1;1;1;1;1;1;1;1;1;1;1;5;10;7
BIBLIOGRAFO_DA_AC_AGRO;ACAC1090;05/09/2010;18,84;1;0,39;0,7;10,35;14,07;18,46;3,61;9,38;-9,31;33,09;0,679;1,12;3,602;2,821;2,209;1,606;1,21;-0,09;89;89;86;89;63;_;69;35;76;84;66;66;66;82;75;74;10;1;1;1;1;1;2;2;1;1;1;1;1;1;1;6
LAKSHMAN_COL;COLM1926;03/11/2011;18,79;1;2,78;0,76;9,8;15,42;20,06;0,93;6,87;-12,03;34,25;0,716;0,999;-0,813;2,832;2,561;2,792;0,664;-0,48;79;78;77;78;45;_;44;20;72;72;17;17;17;70;59;18;10;1;1;1;3;1;2;1;1;1;9;1;1;1;2;8
EFEITO_DA_DI_GENIO;JCDG1643;10/09/2007;18,75;1;0,68;0,13;8;11,84;16,67;-1,17;2,14;-20,17;40,27;0,223;0,865;2,514;2,633;1,243;-0,679;-0,986;1,66;90;90;88;90;81;_;77;67;83;86;80;80;80;65;52;36;6;1;1;1;9;3;1;1;3;1;1;1;3;8;9;1
IRAPUDO;GUAI5312;18/09/2005;18,71;1;0,2;-0,16;3,8;8,58;16,67;3,07;5,57;-17,05;39,69;0,443;1,078;2;3,284;2,478;2,239;0,883;1;62;72;54;70;53;_;41;35;42;62;41;41;41;64;54;55;3;3;1;1;1;1;1;1;2;1;1;1;1;1;2;1
WILSON_FIV_DE_CV;CVCV15258;26/10/2013;18,66;1;0;0,29;9,79;17,24;22,73;0,4;3,52;-20,52;33,76;0,097;-0,503;0,436;6,475;5,033;4,185;4,419;1,93;89;88;24;86;38;_;47;26;79;80;70;70;70;68;56;41;8;1;1;1;5;2;1;2;5;9;5;1;1;1;1;1
GOPAL_R3;RPZ88;02/11/2015;18,64;1;2,25;0,24;6,25;5,95;6,05;5,22;10,15;-18,93;37,42;1,102;0,552;0,823;4,769;4,936;-0,242;2,884;0,51;74;73;66;70;36;_;30;28;54;54;42;42;42;42;31;30;8;1;2;3;1;1;1;1;1;2;3;1;1;7;1;3
CARTUCHO_DA_3A;SOAL2538;11/08/2014;18,6;1;0;1,35;11;18,41;21,8;0,49;5,8;-19,15;29,34;1,193;0,843;3,508;3,257;3,936;-0,242;0,968;1,13;69;71;62;66;42;_;33;30;53;54;41;41;41;48;38;32;10;1;1;1;4;1;1;6;1;1;1;1;1;1;2;1
GRAFITE_DA_BELA;AZAP196;21/08/2009;18,56;1;0;0,83;7,03;11,21;17,22;5,21;10,9;-10,76;32,94;1,02;1,258;1,744;4,863;3,577;-1,299;0,164;-1,07;86;87;86;87;74;_;71;46;77;80;67;67;67;72;62;28;10;1;1;1;1;1;2;2;1;1;1;1;1;10;4;10
URGENTE_DO_IZ;IZSN5130;06/10/2000;18,54;1;2;0,88;9,62;12,2;17,51;-1,16;2,73;-11,04;39,88;0,518;1,182;3,718;2,833;2,626;1,435;-1,01;0,42;76;76;72;74;62;_;58;47;49;59;62;62;62;69;59;24;10;1;1;1;9;3;2;1;1;1;1;1;1;1;9;3
CONAN_MAT;RDMA261;02/09/2017;18,54;1;1,76;0,88;7,71;13,11;18,63;0,71;5,54;-20,82;34,05;0,991;1,865;2,839;2,345;2,844;3,875;-0,994;-0,02;86;85;53;54;17;_;13;7;40;33;16;16;16;25;19;14;10;1;1;1;4;1;1;1;1;1;1;1;1;1;9;5
B8734_DA_MN;MANAB 8734;18/11/1995;18,53;1;0;0,23;4,28;7,17;11,93;1,26;3,64;-12,22;43,7;0,778;1,162;0,555;2,291;0,499;2,269;-0,261;-1,11;86;85;83;85;81;_;74;69;78;80;69;69;69;70;60;45;7;2;2;1;3;2;2;1;1;1;4;1;4;1;6;10
CORUMBA_MAT.;RDMA 99;17/08/2017;18,53;1;2,5;-0,01;6,01;10,93;14,54;2,6;6,61;-36,45;31,65;0,965;1,823;0,467;3,807;1,637;2,885;1,703;-0,56;89;87;46;49;16;_;12;7;20;32;16;16;16;22;17;12;4;1;1;1;1;1;1;3;1;1;4;1;2;1;1;8
ORMON_DA_EAO;EAO3479;19/11/2009;18,48;1;0,78;0,3;3,25;10,82;16,09;5,31;7,77;-21,07;33,98;1,106;1,303;-1,328;5,345;5,138;3,438;1,464;1,83;91;91;89;91;76;_;75;52;84;87;80;80;80;83;77;47;8;3;1;1;1;1;1;2;1;1;10;1;1;1;1;1
SINNU_DA_BEABISA;BRMB1346;01/09/2013;18,47;1;0;-0,22;5,27;11,2;15,65;1,81;4,79;-18,27;39;0,373;0,581;1,609;2,709;3,163;1,314;-0,178;2,03;82;83;80;82;42;_;34;30;71;68;65;65;65;60;47;36;2;2;1;1;2;1;1;1;2;2;1;1;1;2;6;1
TAMOIO_DA_TRADICAO;UTIL847;29/09/2008;18,47;1;1,17;-0,14;6,64;10,41;15,5;5,2;10,82;-8,45;34,52;1,034;1,324;-0,919;0,912;0,937;1,475;-1,64;-0,41;83;84;78;83;63;_;63;32;54;76;63;63;63;75;66;66;3;1;1;1;1;1;3;1;1;1;9;4;3;1;10;7
JOCKER_FIV_RG;RGM4737;15/04/2017;18,46;1;0;0,17;7,78;7,36;15,25;2,67;6,93;-16,1;35,45;1,352;1,773;3,139;7,501;4,874;1,861;1,743;0,58;73;78;67;68;39;_;32;28;51;52;40;40;40;64;54;42;7;1;2;1;1;1;1;1;1;1;1;1;1;1;1;3
HERINGER_PAGADOR;FHGN2307;28/02/2011;18,45;1;0;0,13;0,09;2,82;4,6;1,95;3,4;-28,23;45,12;0,966;2,245;-1,058;4,051;4,131;2,232;2,087;1,01;85;88;87;88;76;_;73;56;72;83;87;87;87;43;30;29;6;7;4;4;1;2;1;1;1;1;10;1;1;1;1;1
NADA_DA_BONS;ZAN14;09/09/1998;18,44;1;3,12;0,69;10,18;15,19;20,83;2,56;8,57;-3,51;32,09;1,321;2,338;2,355;3,827;2,36;0,467;-0,81;-1,54;91;91;90;91;38;_;84;82;83;88;88;88;88;81;73;66;10;1;1;1;1;1;4;3;1;1;1;1;1;4;9;10
OPRASH_RVM;RVM7298;05/02/2009;18,31;1;0,39;0,47;8,75;15,23;16,09;2,68;8,12;-17,4;34,24;0,088;0,372;1,932;1,441;1,827;2,28;1,1;2,53;75;72;69;71;38;_;36;22;50;64;42;42;42;27;18;17;10;1;1;1;1;1;1;1;5;3;1;3;2;1;1;1
IAOP_13_3307;IAOP3307;15/09/2013;18,29;1;3,12;0,9;11,15;15,16;18,42;2,63;8,05;-15,23;32,75;0,04;0,539;3,069;2,54;3,735;3,018;0,25;-0,26;78;76;70;74;40;_;39;22;39;46;38;38;38;59;47;27;10;1;1;1;1;1;1;2;5;2;1;1;1;1;4;7
ASTRAL_DA_VICK;VICK184;02/11/2015;18,25;1;0,78;0,29;4,86;9,87;15,83;0,7;4,37;-24,15;34,74;1,827;2,158;2,975;5,712;4,876;3,457;-0,746;0,24;88;89;87;88;44;_;38;24;78;79;64;64;64;75;64;63;8;2;1;1;4;1;1;1;1;1;1;1;1;1;8;4
BITELO-3733_DA_SL;VYG3733;18/12/2013;18,25;1;0,39;0,23;6,05;10,99;15,5;2,39;6,64;-19,6;35,46;0,872;0,812;0,695;2,244;1,99;-0,69;0,159;0,53;46;73;70;72;40;_;34;29;66;64;39;39;39;43;32;31;7;1;1;1;1;1;1;1;1;1;4;1;1;8;4;3
REM_BRECK;REM8525;06/12/2012;18,23;1;0,78;0,39;8,79;13,64;19,15;2,26;7,51;-8,65;33,72;1,046;1,37;1,179;3,715;4,262;0,38;2,651;1,11;72;73;68;72;46;_;43;25;60;64;36;36;36;49;37;29;9;1;1;1;1;1;3;2;1;1;2;1;1;4;1;1
NAVIRAI_POLO;CSCN14076;28/08/2014;18,21;1;1,61;0,92;8,45;13,43;17,56;3,1;7,06;-16,85;32,9;0,751;0,879;1,678;2,219;1,593;0,775;1,916;1,18;87;90;88;89;42;_;40;19;77;80;72;72;72;70;58;31;10;1;1;1;1;1;1;2;1;1;1;1;2;3;1;1
BILAC_DA_KANGAYAN;KAN10096;01/05/2011;18,21;1;0;-0,48;8,06;11,07;15,2;0,52;4,6;-17,27;37,6;0,63;1,658;-0,724;3,423;2,517;3,131;1,018;-0,42;51;72;63;72;32;_;33;18;57;67;58;58;58;64;53;55;1;1;1;1;4;1;1;1;1;1;9;1;1;1;1;7
NEVAL_DA_EAO;EAO2264;25/10/2008;18,16;1;0;0,44;6,98;9,02;12,14;1,89;6,37;-14,22;39,23;0,597;1,242;2,346;1,018;0,282;-0,084;-0,378;-0,02;88;89;88;89;74;_;70;37;78;83;84;82;84;72;61;36;9;1;1;1;2;1;1;1;1;1;1;3;5;6;7;5
LANCHUDO_DA_DI_GENIO;JCDG5055;10/09/2013;18,16;1;0;0,18;8,85;12,46;16,16;1,01;5,37;-22,44;32,65;1,274;1,777;2,85;3,13;4,113;0,298;-2,66;1,62;88;88;87;88;56;_;61;29;79;81;79;79;79;62;49;44;7;1;1;1;3;1;1;2;1;1;1;1;1;5;10;1
CARAJA_DA_MN;LBMNE 654;31/10/2015;18,13;1;0,78;0,54;3,86;5,36;10,06;3,46;6,86;-18,81;41,36;0,278;0,5;-3,267;0,084;1,525;1,931;2,82;-0,47;71;71;58;57;22;_;18;12;48;47;44;44;44;30;22;22;10;2;3;1;1;1;1;1;3;2;10;6;2;1;1;8
SARAU_MAT.;RDM6405;20/10/2012;18,07;1;0,78;0,61;8,2;10,77;12,08;3,09;7,9;-18,84;37,03;0,886;1,388;1,568;1,26;2,035;0,899;1,672;1,29;73;82;78;82;55;_;52;32;60;71;61;61;61;48;36;32;10;1;1;1;1;1;1;1;1;1;1;3;1;3;1;1
GUARDIAO_FIV_CAMPARINO;JHVM17050;23/12/2017;18,07;1;0;0,58;10,78;16,84;22,9;-4,24;0,08;-13,11;37,03;0,691;1,015;2,162;3,939;4,15;2,245;0,237;0,45;72;75;46;46;25;_;22;11;26;28;23;23;23;26;24;18;10;1;1;1;10;6;2;1;1;1;1;1;1;1;4;3
JAGANAN_KA;KAPM3935;19/09/2013;18,06;1;0;1,33;14,45;17,63;20,77;1,9;9,98;-14,4;27,5;0,467;0,646;2,192;2,971;3,219;3,711;-0,442;0,94;72;71;69;71;47;_;36;29;66;67;47;47;47;58;46;31;10;1;1;1;2;1;1;6;1;2;1;1;1;1;7;2
HIRTAN_DA_QUIL;QUIL13232;02/11/2009;18,05;1;2,7;0,94;11,03;14,91;18,59;1,08;7,06;-6,27;34,47;0,679;0,878;4,237;2,577;1,901;4,319;-0,535;1,4;85;87;84;85;62;_;69;33;76;77;68;68;68;51;39;32;10;1;1;1;3;1;3;1;1;1;1;1;1;1;8;1
GENERAL_DA_MN;LBMND 1288;15/09/2006;18,03;1;1,07;0,04;2,43;4,83;7,92;4,83;7,98;-19,89;40,52;0,595;1,334;0,043;3,19;2,3;2,613;3,046;0,85;94;95;93;94;79;_;78;49;89;91;88;88;88;87;81;73;5;4;3;2;1;1;1;1;1;1;6;1;1;1;1;2
CEN_8949;CEN8949;15/09/2013;18,01;1;0,98;0,08;3,61;7,17;14,54;2,44;5,93;-16;39,99;0,587;0,241;1,815;2,023;1,767;2,038;-0,692;0,66;73;71;67;67;23;_;20;18;58;57;17;17;17;24;13;8;5;3;2;1;1;1;1;1;1;4;1;2;2;1;8;2
RELEVO_DA_AGUA_BOA;OEV2840;12/11/2010;17,99;1;1,37;0,46;9,14;14,7;20,81;3,69;8,88;-6,9;32,3;0,597;1,076;2,69;4,401;2,772;-0,728;-2,92;-1,64;79;81;78;80;55;_;56;38;62;70;76;76;76;44;32;29;9;1;1;1;1;1;3;3;1;1;1;1;1;9;10;10
JOALHEIRO_OL;OLL4712;20/11/2013;17,98;1;2,29;0,48;6,13;10,81;14,86;0,42;4,22;-12,4;40,5;0,463;1,491;0,992;6,621;4,006;3,167;2,895;0,19;78;77;74;76;40;_;35;16;58;71;70;70;70;73;64;65;10;1;1;1;5;2;2;1;2;1;3;1;1;1;1;4
REM_EL_DOURADO;REMC9094;14/08/2015;17,94;1;2,93;-0,19;6,71;8,3;14,95;-0,06;2,53;-19,8;38,95;0,882;1,375;2,009;6,116;4,721;4,178;1,263;3,27;82;83;80;82;48;_;35;28;73;77;60;60;60;81;75;68;2;1;1;1;6;3;1;1;1;1;1;1;1;1;1;1
TURBO_M.VERDE;ISPK6255;20/08/2011;17,89;1;1,56;0,38;6,44;7,68;10,13;3,38;7,65;-28,17;35,9;0,328;0,596;3,788;0,717;2,222;1,689;-0,197;1,42;76;77;70;72;52;_;51;30;51;55;58;58;58;42;31;29;9;1;1;1;1;1;1;1;2;2;1;4;1;1;6;1
REGADO_ER_DA_FSN;ELF3125;16/01/2013;17,89;1;0;0,33;6,24;10,66;15,19;2,35;6,91;-13,04;37,68;0,45;0,685;1,229;6,101;2,64;0,872;1,482;2,08;86;88;86;87;51;_;48;28;83;82;79;79;79;71;59;29;8;1;1;1;1;1;2;1;2;1;2;1;1;3;1;1
RACAN_VB_DA_VALE;VBVA863;05/03/2014;17,85;1;0;-0,15;6,07;12,19;17,89;0,71;3,72;-15,39;35,82;1,302;1,517;4,542;6,101;6,632;1,652;-0,803;-2,18;74;73;72;72;37;_;36;18;58;61;46;46;46;25;15;13;3;1;1;1;4;2;1;1;1;1;1;1;1;1;9;10
BATUTA_DA_MN;LBMND1911;12/11/2006;17,84;1;3,32;0,69;11,96;15,17;16;1,23;6,48;-1,94;35,23;0,885;1,026;2,753;3,476;0,756;2,089;1,22;3,09;88;89;87;88;75;_;73;65;82;86;81;81;81;78;69;54;10;1;1;1;3;1;5;1;1;1;1;1;4;1;1;1
GROSSO_FIV_DA_DICA;DICO1205;24/02/2000;17,81;1;0,39;0,24;4,48;8,17;14,62;-0,1;2,19;-30,7;37,21;1;1,162;1,42;1,292;1,722;3,389;-0,606;1,02;81;80;74;80;56;_;53;40;59;72;39;39;39;69;58;58;7;2;1;1;6;3;1;1;1;1;2;3;2;1;8;1
CEN_3860_MEXICANO;CEN3860 ;24/08/2003;17,75;1;3,91;0,36;5,63;7,6;11,8;-0,39;3;-27,98;38,98;0,706;0,586;2,537;2,201;1,994;0,545;-1,905;0,91;86;87;84;86;76;_;72;68;80;82;81;81;81;46;30;20;9;1;1;1;7;3;1;1;1;2;1;1;1;4;10;2
2969_DE_NAV;CSCF2969 ;05/11/2014;17,74;1;2,34;0,5;6,12;11,02;16,67;4,7;9,16;-12,7;34,29;0,519;0,665;2,687;2,454;2,218;1,284;-0,876;-0,14;77;78;71;72;28;_;22;19;60;58;55;55;55;39;27;22;10;1;1;1;1;1;2;1;1;2;1;1;1;2;9;6
LUXUOSO_DA_DICA;DICO5101;11/08/2014;17,73;1;0,39;0,54;8,56;11,82;17,13;2,6;7,56;-16,65;31,84;1,134;1,115;1,439;2,596;4,01;0,194;-1,39;-1,13;733;78;62;76;35;_;28;26;43;65;39;39;39;63;52;52;10;1;1;2;1;1;1;3;1;1;1;1;1;5;10;10
VIGOR_MATI;MATI1624;18/08/2014;17,72;1;0;0,53;6,81;12,13;17,18;2,47;7,05;-18,1;35,01;0,223;0,215;2,945;3,499;1,332;-0,248;-1,455;0,19;86;86;83;85;56;_;53;25;74;77;73;73;73;68;57;36;10;1;1;1;1;1;1;1;3;4;1;1;2;7;10;4
ADDITIVUS_DA_LACADA;BETO3195;18/10/2013;17,69;1;0;0,61;6,29;7,98;13,06;3,65;8,03;-10,88;36,81;0,995;1,149;0,982;1,842;1,871;0,52;-1,013;-0,9;78;76;59;76;42;_;41;29;40;72;46;46;46;56;44;44;10;1;1;1;1;1;2;1;1;1;3;2;1;4;9;9
IATE_DO_IZ;IZSNA2181;12/09/2009;17,66;1;0,78;-0,56;5,72;10,37;16,48;1,91;4,7;-11,45;39,52;0,208;0,837;1,139;3,028;2,443;-0,247;1,969;0,85;77;80;72;78;60;_;55;24;50;69;48;48;48;66;55;53;1;1;1;1;2;1;2;1;4;1;2;1;1;7;1;2
EPICO_RG;RGM3330;01/02/2013;17,64;1;0;0,58;8,48;11,24;13,87;5,65;10,54;-10,62;32,4;0,783;1,349;0,441;3,85;2,026;0,115;-0,797;2,61;90;93;91;92;61;_;58;27;86;86;82;82;82;82;74;67;10;1;1;1;1;1;2;3;1;1;5;1;1;5;9;1
CIFRAO_FVC;FVC10971;27/10/2015;17,59;1;0,59;0,04;4,9;9;12;3,21;5,41;-19,94;38,2;0,392;0,874;-0,746;1,734;3,619;2,485;4,686;-0,18;87;87;73;76;42;_;32;28;60;58;48;48;48;67;57;46;5;2;1;1;1;1;1;1;2;1;9;2;1;1;1;6
678_FIV_DA_TERRA_BRAVA;EPCF678;16/09/2013;17,59;1;1,4;0,51;8,08;12,32;18,97;3,17;8,68;-15,87;30,75;0,989;1,147;2,526;4,017;3,078;0,141;2,639;-2,11;87;88;87;88;64;_;57;29;79;81;78;78;78;84;78;56;10;1;1;1;1;1;1;4;1;1;1;1;1;5;1;10
384_PO_ TO_DA_LACADA;BETM384;27/08/2010;17,57;1;0,59;-0,4;4,92;9,93;18,15;-0,11;2,66;-28,29;36,73;0,367;1,097;0,663;6,735;4,429;3;2,168;-0,63;78;76;61;76;48;_;44;35;39;70;35;35;35;40;28;27;1;2;1;1;6;3;1;1;2;1;4;1;1;1;1;6
GUAPO_FIV_CAMPARINO;JHVM16068;17/08/2017;17,52;1;1,95;0,26;7,85;11,29;18,52;0,28;4,44;-10,49;35,66;1,248;1,496;2,667;5,329;3,713;4,808;1,49;-0,3;73;72;45;45;20;_;18;10;21;24;18;18;18;23;20;17;8;1;1;1;5;1;2;1;1;1;1;1;1;1;1;7
B8709 DA MN;MANAB8709;16/11/1995;17,44;1;6,84;0,65;8,96;13,29;19,55;2,98;8,07;-9,25;34,12;0,017;0,14;1,412;0,774;1,011;2,702;-0,62;1,94;76;76;73;72;67;_;55;47;64;67;52;52;52;40;29;25;10;1;1;1;1;1;3;1;6;5;2;4;3;1;8;1
OLDPARR_DA_DI_GENIO;JCDG8614;10/07/2016;17,41;1;0,39;0,5;8,43;13,29;18,34;3,71;8,89;-11,88;33,32;0,019;0,307;0,425;2,466;1,307;4,14;0,881;1,1;72;72;68;70;36;_;30;22;62;56;43;43;43;45;34;33;10;1;1;1;1;1;2;2;6;3;5;1;2;1;2;1
3740_DA_BSB;EMCC3740;26/09/2015;17,39;1;0,78;-0,19;5,68;9,48;13,24;2,59;5,87;-18,84;35,62;1,02;1,479;1,9;4,053;4,037;-0,148;-0,56;-0,3;33;71;65;67;22;_;18;10;60;55;37;37;37;53;41;12;2;1;1;1;1;1;1;1;1;1;1;1;1;7;8;7
IMPONENTE_FIV_COL;COLA9127;30/11/2009;17,35;1;0;-0,2;2,76;8,23;13,35;3,64;5,64;-10,33;40,62;0,48;0,91;0,834;3,71;3,017;2,418;2,201;-1,11;77;77;75;77;63;_;56;52;711;73;59;59;59;59;47;26;2;3;1;1;1;1;2;1;1;1;3;1;1;1;1;10
NOTURNO;REMC807;22/11/2002;17,32;1;1,17;-0,72;1,2;8,23;9,01;1,01;2,44;-32,06;41,6;0,475;0,724;0,467;2,562;2,758;2,978;0,898;0,69;88;88;86;88;81;_;74;71;79;84;77;77;77;83;18;66;1;5;3;2;3;3;1;1;1;1;4;1;1;1;2;2
NORTE_642;ASAA642 ;14/12/2007;17,32;1;0,78;-0,39;4,24;9,67;13,48;2,05;4,8;-28,38;36,52;0,254;0,827;0,388;3,796;4,043;1,254;1,254;1,47;75;74;70;72;52;_;39;32;56;62;71;71;71;27;27;18;1;2;1;1;1;1;1;1;3;1;5;1;1;2;2;1
ZUM_DE_CV;CVCV1473;01/09/2013;17,31;1;0,78;0,35;10,46;16,43;22,89;1,91;7,41;-18,98;27,54;0,675;1,02;0,577;4,887;3,34;1,87;1,442;1,15;82;84;77;80;39;_;45;27;69;70;57;57;57;56;43;39;9;1;1;1;2;1;1;8;1;1;4;1;1;1;1;1
IAOP_05_530;IAOP530;09/12/2005;17,27;1;0;0,53;2,08;8,54;16,06;4,17;7,95;-7,38;39,53;0,334;0,142;0,618;2,749;2,173;2,947;0,558;-0,3;76;74;72;74;59;_;44;31;22;24;17;17;17;70;63;14;10;4;1;1;1;1;3;1;2;5;4;1;1;1;3;7
MENTOR DA GREN.;GRENA2737;02/09/2016;17,27;1;1,95;-0,30;85;2;3,14;83;3;5,15;74;3;4,65;79;4;4,20;23;1;7,25;0;1;-14,61;20;1;41,71;19;1;0,723;47;1;0,644;71;2;-4,554;82;10;3,107;82;1;1,669;82;2;-1,220;27;10;-0,122;18;6;0,12;18;5
AL CAPONE MAT.;RDM8240;07/08/2015;17,27;1;0,0;0,81;90;10;7,57;91;1;11,81;89;1;17,87;90;1;3,88;54;1;8,64;0;1;-8,75;46;3;30,93;23;4;1,590;83;1;1,763;85;1;1,163;82;2;4,775;82;1;3,777;82;1;0,237;76;5;-0,879;67;9;-0,42;49;7
TANGO DO IZ;IZSN4882;05/10/1999;17,27;1;0,0;0,36;85;9;5,06;87;2;6,49;85;2;11,28;86;1;-0,27;79;6;1,01;0;5;-18,96;73;1;44,13;70;1;-0,027;72;6;-0,062;79;6;1,924;84;1;4,244;84;1;1,871;84;1;1,529;59;1;1,440;47;1;1,98;38;1
OXOHSSE DA VP;VAM2326;06/11/2008;17,22;1;0,39;0,74;44;10;8,33;77;1;10,14;73;1;10,81;76;1;3,10;50;1;8,86;0;1;-3,60;48;4;38,70;34;1;0,294;60;3;0,277;62;4;1,914;64;1;2,260;64;1;3,150;64;1;1,128;28;2;1,062;18;1;1,90;15;1
REM CAPATAZ;REM8811;23/09/2013;17,11;1;0,0;1,17;86;10;8,58;88;1;10,88;84;1;16,38;87;1;-0,14;66;6;2,77;0;3;-22,56;60;1;35,55;21;1;0,431;75;2;0,656;82;2;1,765;74;1;4,604;74;1;4,406;74;1;4,353;79;1;1,091;71;1;0,13;54;5
SATURNO CHIC PAUL;CHIC1865;01/10/2009;17,08;1;0,39;0,90;65;10;10,96;70;1;11,77;63;1;13,63;67;1;2,15;39;1;8,41;0;1;-6,42;48;3;35,21;42;1;0,394;29;2;0,683;45;1;1,786;44;1;1,562;44;2;2,335;44;1;3,128;50;1;2,165;38;1;2,48;40;1
BARUCK MAT.;RDM9130;28/08/2016;17,07;1;0,0;1,02;89;10;10,22;89;1;17,14;87;1;22,76;89;1;1,54;36;2;7,44;0;1;-17,29;29;1;26,83;21;9;1,018;79;1;1,372;81;1;1,594;82;1;4,744;82;1;3,446;82;1;3,192;83;1;2,009;76;1;0,87;61;2
MAP DO BATUQUE;FBFM6505;23/09/2015;17,07;1;0,0;-0,86;90;1;1,00;90;5;6,42;85;2;9,69;87;2;4,16;54;1;5,51;0;1;-35,59;36;1;34,72;28;1;1,098;78;1;2,039;81;1;0,959;68;3;6,164;68;1;5,564;68;1;2,460;72;1;3,488;61;1;-0,07;35;6
BULLOOG TE M.VERDE;ISP97;22/08/2000;17,06;1;1,66;0,13;84;6;3,32;84;3;7,44;78;2;16,03;82;1;-1,22;79;9;1,58;0;4;-39,85;76;1;36,36;72;1;0,450;63;2;0,711;72;1;1,605;70;1;0,990;70;3;0,871;70;3;0,512;54;4;1,144;42;1;-0,46;39;8
NUR SARAI MAT.;RDM4479;01/10/2009;17,05;1;1,37;0,20;84;7;4,82;85;2;10,76;83;1;17,35;84;1;5,24;76;1;8,98;0;1;-7,34;71;3;33,60;68;2;0,985;77;1;1,631;79;1;2,180;74;1;3,137;74;1;1,909;74;1;-0,257;70;7;0,960;58;2;1,74;29;1
NAVIRAI ROE FIV;CSCN14735;18/08/2015;17,03;1;0,0;0,68;80;10;8,89;81;1;10,33;78;1;13,58;80;1;1,10;38;3;5,46;0;1;-3,14;26;5;37,43;18;1;1,218;57;1;1,673;55;1;2,616;52;1;3,340;52;1;1,839;52;2;3,145;66;1;1,158;53;1;2,70;49;1
JHVM 12659 FIV CAMPARINO;JHVM12659;03/10/2014;17,03;1;4,49;0,06;93;5;5,06;93;2;11,24;90;1;17,61;91;1;3,35;49;1;7,06;0;1;-8,01;44;3;35,59;28;1;0,772;83;1;0,817;84;1;1,262;83;2;6,086;83;1;7,089;83;1;1,786;79;1;2,550;69;1;-0,28;41;7
RAUSOR DO BOITEL;SGP3885;31/07/2009;17,02;1;0,0;0,59;93;10;8,41;94;1;13,95;92;1;18,57;93;1;3,04;79;1;7,66;0;1;-1,59;83;5;34,40;46;1;0,631;86;1;0,834;89;1;3,410;88;1;5,832;88;1;5,253;88;1;0,058;84;6;-1,809;76;10;-1,81;68;10
7308/04 PO PERDIZES;QUIL7308;14/12/2004;17,02;1;0,0;0,86;96;10;11,28;96;1;13,55;95;1;15,92;96;1;3,41;92;1;9,85;0;1;-4,59;91;4;31,36;88;4;0,844;92;1;1,036;94;1;1,918;94;1;2,909;94;1;3,092;94;1;3,415;90;1;0,184;86;4;3,06;76;1
C6653 DA MN;LBMNC6653;13/11/2001;16,98;1;12,5;-0,22;71;2;4,41;74;2;6,05;68;2;8,71;71;2;0,60;59;4;3,98;0;2;-21,26;52;1;41,68;37;1;0,340;61;2;0,341;69;3;1,617;65;1;1,446;65;3;-0,089;65;6;0,269;60;5;1,717;48;1;0,93;49;2
ATACADO;NEBJ123;23/09/2015;16,96;1;0,98;-0,24;78;2;3,79;78;3;7,06;75;2;9,04;77;2;2,79;37;1;6,37;0;1;-15,44;30;1;39,11;25;1;0,919;63;1;1,483;62;1;0,945;50;3;1,751;50;2;2,659;50;1;2,799;42;1;-0,371;31;7;0,26;29;4
1070 DA TERRA BRAVA;EPCF1070;06/10/2014;16,94;1;0,0;0,30;92;8;7,70;93;1;8,78;91;1;12,40;92;1;0,25;63;5;2,29;0;3;-13,79;61;1;39,50;29;1;0,690;86;1;0,905;87;1;0,537;86;4;1,983;86;2;1,399;86;2;4,085;83;1;0,628;76;3;0,86;48;2
DOLMAN;IZSNA977;13/11/2004;16,87;1;1,56;0,63;94;10;8,54;95;1;12,86;94;1;17,16;95;1;1,39;90;2;5,92;0;1;-10,56;88;2;35,19;84;1;0,349;89;2;0,116;92;5;2,289;92;1;3,294;92;1;2,521;92;1;2,074;90;1;0,104;85;5;-0,24;81;6
CZAR MATI;MATI1788;03/09/2017;16,85;1;2,34;-0,24;73;2;4,39;72;2;5,89;63;2;13,24;65;1;1,89;37;2;4,96;0;1;-23,56;30;1;38,12;23;1;0,293;46;3;1,075;44;1;2,058;38;1;2,278;38;1;3,665;38;1;4,073;52;1;0,876;42;2;1,42;40;1
CAPITAO;TECO195;29/07/2002;16,75;1;2,64;0,68;91;10;4,69;91;2;7,33;90;2;13,56;91;1;0,22;83;5;2,72;0;3;-34,78;79;1;36,53;68;1;0,224;83;3;0,321;87;3;1,652;88;1;4,135;88;1;4,072;88;1;0,667;76;3;-1,297;66;10;1,06;61;1
D6595 DA MN;LBMND6595;28/08/2011;16,75;1;0,39;0,00;92;4;2,35;93;4;5,34;91;3;8,66;92;2;3,66;78;1;5,71;0;1;-17,04;78;1;43,42;22;1;-0,531;86;10;-0,273;88;8;0,252;85;5;2,619;85;1;1,577;85;2;3,703;87;1;1,220;81;1;1,69;69;1
TANU FIV DE NAVIRAI;CSCR1167;26/11/2017;16,74;1;0,98;0,51;75;10;6,07;71;1;10,19;43;1;11,49;43;1;3,66;16;1;6,56;0;1;-18,42;14;1;34,69;10;1;0,711;20;1;0,886;23;1;2,369;17;1;3,626;17;1;2,109;17;1;0,445;20;4;1,903;17;1;0,03;10;5
MARISCO;I3448;09/09/1992;16,7;1;0,0;0,36;95;9;5,21;95;2;8,68;94;1;16,24;95;1;-1,74;93;9;-0,15;0;7;-23,08;92;1;40,65;91;1;0,072;89;5;0,322;92;3;1,291;91;2;5,304;91;1;3,968;91;1;2,776;88;1;0,447;84;3;2,37;80;1
C4580 DA MN;MANAC4580;10/01/2000;16,66;1;0,98;-0,03;82;4;3,95;81;2;6,82;78;2;9,23;79;2;3,07;71;1;5,19;0;1;-7,24;62;3;41,88;56;1;0,582;72;1;1,318;76;1;-1,409;69;10;0,190;69;5;0,890;69;3;0,251;68;5;-0,582;57;8;1,62;49;1
REM VANCO;REM6405;18/10/2010;16,64;1;4,98;1,75;72;10;5,78;70;1;9,43;68;1;14,35;71;1;-2,47;52;10;-0,34;0;7;-23,79;36;1;40,46;35;1;0,292;54;3;1,020;60;1;0,436;24;5;3,695;24;1;3,396;24;1;1,750;69;1;0,338;59;4;-1,11;51;10
JANGUE VB DA VALE;VBV6969;25/04/2007;16,57;1;1,27;0,36;81;9;6,46;81;1;7,74;80;1;9,82;81;1;1,22;71;3;3,78;0;2;-21,36;56;1;38,04;53;1;0,553;60;1;1,538;77;1;-0,596;84;9;5,854;84;1;1,570;84;2;0,329;26;5;0,689;15;2;0,79;14;2
OPOSITOR DA DI GENIO;JCDG8722;11/07/2016;16,5;1;1,17;0,83;83;10;10,83;83;1;13,16;77;1;12,47;79;1;1,11;40;3;6,65;0;1;-21,92;34;1;31,00;25;4;0,676;59;1;0,508;59;2;0,930;66;3;1,410;66;3;1,878;66;1;2,117;60;1;-2,724;48;10;-1,66;35;10
BALDO;SNI3844;02/11/2004;16,47;1;0,0;0,30;79;8;6,36;79;1;8,56;77;1;10,28;78;1;1,98;63;1;6,06;0;1;-18,74;52;1;37,51;31;1;0,221;41;3;-0,348;58;8;1,756;74;1;-0,476;74;7;-0,318;74;7;-0,284;26;7;-0,541;16;8;-1,05;16;10
JHVM 10626 CAMPARINO;JHVM10626;12/11/2012;16,46;1;0,39;0,05;91;5;4,70;91;2;12,31;90;1;15,47;91;1;4,78;64;1;7,76;0;1;-15,72;61;1;31,92;27;3;0,857;82;1;0,713;85;1;2,160;75;1;4,231;75;1;1,763;75;2;0,431;76;4;0,452;64;3;-0,77;55;9
RASTAN MAT.;RDM5624;30/10/2011;16,45;1;0,0;0,44;94;9;6,44;95;1;12,14;94;1;19,06;94;1;0,53;83;4;3,24;0;2;-15,33;84;1;33,76;39;2;1,088;90;1;1,474;92;1;1,873;90;1;6,747;90;1;5,461;90;1;1,886;88;1;0,804;82;2;0,35;58;4
REINADOR DA AGUA BOA;OEV2828;02/11/2010;16,41;1;0,39;0,12;69;6;4,09;78;2;9,54;76;1;11,64;77;1;3,48;56;1;7,05;0;1;-23,64;50;1;34,19;42;1;0,620;66;1;1,302;71;1;3,165;79;1;1,124;79;3;1,712;79;2;-1,668;45;10;0,433;33;3;0,70;31;2
JG-2978 DA AGUA FRIA;JCGG2978;12/09/2010;16,4;1;0,59;0,24;45;8;7,51;80;1;13,12;77;1;16,14;79;1;5,50;62;1;10,97;0;1;-18,08;53;1;30,43;44;5;-0,365;69;9;-0,658;76;10;1,875;80;1;-0,507;80;7;-0,190;80;6;1,641;74;1;-1,289;65;10;-1,78;11;10
2832 DE MARIPA;MBO2832;30/08/2013;16,39;1;0,39;0,34;78;9;7,39;76;1;10,41;71;1;11,73;74;1;3,59;37;1;7,92;0;1;-13,12;30;2;33,65;24;2;0,849;61;1;1,245;62;1;0,383;67;5;5,929;67;1;4,303;67;1;0,694;47;3;1,380;35;1;-0,07;27;6
FISCAL TE VB DA VALE;VBV5589;30/10/2003;16,35;1;2,44;-0,03;75;4;0,68;74;6;7,32;72;2;10,69;73;1;4,13;59;1;6,69;0;1;-13,14;49;2;38,51;42;1;1,014;47;1;2,101;66;1;1,318;77;2;4,746;77;1;2,288;77;1;1,236;29;2;2,288;19;1;-0,08;18;6
GARDEN TE DA  BELA;AZAN1087;16/02/2009;16,31;1;0,0;0,18;73;7;3,93;72;2;10,72;70;1;15,40;71;1;2,95;53;1;6,91;0;1;-4,87;44;4;37,23;44;1;0,738;60;1;0,916;62;1;2,680;35;1;4,521;35;1;3,809;35;1;0,897;60;3;2,046;48;1;0,30;15;4
GALANTIM BONS;BONS1479;18/09/2008;16,29;1;0,39;-0,07;79;4;4,22;82;2;9,57;80;1;13,44;81;1;2,63;63;1;5,32;0;1;-6,20;61;3;38,56;49;1;0,799;72;1;1,608;76;1;0,326;70;5;3,695;70;1;4,813;70;1;3,145;63;1;3,696;51;1;3,10;30;1
C2953 DA MN;MANAC2953;11/12/1998;16,21;1;0,0;-0,34;78;1;0,92;78;6;6,07;75;2;10,76;76;1;2,67;71;1;2,95;0;3;-14,31;59;1;43,39;52;1;0,033;62;6;0,080;69;5;1,627;61;1;3,788;61;1;3,951;61;1;3,151;54;1;0,378;42;4;0,06;37;5
SANTELNO DO GUIRAHY;SZAN349;17/11/2003;16,2;1;0,78;0,52;87;10;3,74;87;3;6,53;77;2;8,32;86;2;0,86;77;3;3,92;0;2;-24,07;71;1;38,51;67;1;0,870;59;1;1,255;82;1;2,839;58;1;3,815;58;1;2,319;58;1;2,220;79;1;1,343;71;1;-0,99;71;9
QUALITY EAO;EAO5921;01/09/2011;16,19;1;0,20;0,67;77;10;5,16;77;2;10,08;75;1;13,67;76;1;3,91;53;1;8,88;0;1;-17,37;45;1;33,88;38;2;0,211;66;4;0,307;71;3;1,342;58;2;3,002;58;1;1,420;58;2;3,929;63;1;-2,393;52;10;1,60;28;1
HASSAN DA S.NICE;GRIB736;10/11/2010;16,16;1;0,0;0,21;87;7;5,31;87;1;7,98;82;1;9,51;84;2;1,83;48;2;5,24;0;1;-12,44;47;2;40,00;29;1;0,284;67;3;0,654;74;2;-0,276;62;7;2,338;62;1;2,655;62;1;2,183;76;1;2,869;67;1;1,67;68;1
TARON;D7680;19/08/1985;16,15;1;0,0;0,66;73;10;3,70;72;3;10,79;68;1;11,75;70;1;6,62;65;1;9,48;0;1;-7,06;55;3;35,11;48;1;0,494;31;1;0,424;41;3;2,951;19;1;4,476;19;1;3,652;19;1;3,116;45;1;0,064;32;5;0,62;31;2
REM ALLON;REM7121;27/10/2011;16,12;1;2,83;0,06;87;5;5,48;88;1;7,06;86;2;7,78;88;2;3,81;72;1;8,00;0;1;-28,21;61;1;34,64;39;1;0,132;81;4;0,221;83;4;0,591;53;4;2,155;53;1;3,284;53;1;3,288;85;1;1,907;79;1;-1,99;62;10
QUARTO DO JHV;JHVM4862;16/09/2007;16,05;1;0,0;0,33;90;8;4,52;92;2;8,47;91;1;12,71;92;1;2,53;84;1;4,86;0;1;-11,89;81;2;37,16;74;1;0,900;86;1;0,841;88;1;2,002;86;1;3,119;86;1;3,177;86;1;0,316;71;5;1,718;59;1;-0,08;46;6
BRADO S.MARINA;MATS283;02/08/2001;16,02;1;0,0;0,17;97;7;4,97;97;2;11,53;96;1;18,38;97;1;3,11;92;1;6,33;0;1;-12,08;92;2;32,91;86;2;0,814;92;1;0,929;95;1;2,780;95;1;4,212;95;1;3,481;95;1;1,365;89;2;-1,775;84;10;-1,56;82;10
RAI DA MN;LBMND8484;13/08/2013;16;1;4,49;-0,99;91;1;2,14;91;4;6,44;89;2;11,50;90;1;4,88;63;1;7,45;0;1;-16,59;66;1;37,37;22;1;0,263;83;3;0,446;86;3;0,720;83;3;3,865;83;1;3,195;83;1;2,829;82;1;2,743;75;1;1,67;73;1
JINNAH BONS;BONN847;07/12/2011;16;1;0,0;0,53;69;10;2,79;70;3;11,19;69;1;13,18;71;1;2,83;42;1;4,46;0;1;-4,62;43;4;38,88;27;1;0,894;63;1;1,132;65;1;2,215;42;1;3,311;42;1;4,171;42;1;1,590;57;1;0,724;45;2;-2,03;28;10
QUARK COL;L4810;19/10/1995;15,97;1;0,29;0,60;97;10;8,80;97;1;10,69;96;1;10,67;97;1;3,47;95;1;9,18;0;1;-12,57;94;2;32,05;94;3;0,867;94;1;0,943;96;1;0,927;94;3;1,813;94;2;2,651;94;1;2,278;93;1;-0,211;91;6;0,58;85;3
QUEBEC EAO;EAO5785;22/08/2011;15,93;1;0,39;0,14;86;6;5,58;87;1;8,69;85;1;9,51;87;2;3,19;72;1;7,91;0;1;-15,73;64;1;34,62;44;1;0,936;80;1;1,458;82;1;-0,026;77;6;0,605;77;4;2,152;77;1;1,853;80;1;-1,170;72;10;-1,55;37;10
IRAK BONS;BONS1911;25/09/2010;15,93;1;1,17;0,88;91;10;10,66;92;1;15,54;90;1;21,40;92;1;1,90;62;2;9,14;0;1;-8,40;64;3;27,47;33;8;0,840;83;1;1,320;86;1;2,896;83;1;4,448;83;1;4,125;83;1;1,213;83;2;1,172;75;1;-1,03;74;9
HAMLET DA BELA;AZAP366;02/08/2010;15,92;1;0,0;0,91;89;10;8,81;90;1;12,11;87;1;16,12;90;1;-2,43;61;10;1,15;0;5;-9,57;61;2;37,49;29;1;0,863;78;1;0,774;84;1;4,009;68;1;4,380;68;1;4,960;68;1;2,526;85;1;-1,066;80;9;-3,28;79;10
SARAJEVO DA EAO;EAO9366;04/09/2013;15,91;1;0,59;0,69;73;10;8,20;72;1;13,03;68;1;16,73;71;1;1,70;39;2;5,52;0;1;-7,87;33;3;34,17;28;1;0,507;53;1;0,766;59;1;-0,008;47;6;1,465;47;2;2,842;47;1;4,300;55;1;1,243;44;1;1,53;30;1
B7369 DA MN;J8982;25/10/1994;15,9;1;13,48;0,16;91;7;2,24;90;4;3,96;88;3;5,11;90;3;4,35;83;1;5,98;0;1;-29,34;80;1;38,37;75;1;0,144;74;4;0,017;82;6;-0,705;70;9;1,333;70;3;0,420;70;5;0,222;54;5;-0,810;40;9;2,02;28;1
BOABAO DA AF;FAF587;04/10/1999;15,9;1;0,78;0,37;86;9;6,48;87;1;14,95;86;1;20,24;87;1;4,48;82;1;9,77;0;1;-6,26;79;3;30,98;74;4;0,119;68;5;0,305;79;3;3,418;82;1;1,674;82;2;1,336;82;2;1,013;63;2;0,801;50;2;1,99;51;1
ARES DA PECA RARA;PECA3249;15/09/2014;15,88;1;0,59;-0,37;30;1;5,07;73;2;10,98;70;1;17,30;72;1;-0,56;31;7;1,62;0;4;-19,57;32;1;36,24;19;1;0,588;64;1;1,034;66;1;-0,998;61;9;5,327;61;1;4,054;61;1;2,738;26;1;1,616;17;1;0,46;16;3
FOSFATO;E4499;19/11/1986;15,84;1;0,0;-0,01;89;4;1,08;89;5;7,46;86;2;11,58;88;1;3,02;85;1;4,39;0;1;-27,28;82;1;38,17;77;1;-0,140;65;8;0,485;75;2;2,445;66;1;0,865;66;4;0,354;66;5;1,806;60;1;-0,470;46;7;0,77;42;2
JANUARIO ALMB;ALMB659;26/11/2012;15,83;1;0,59;0,31;71;8;8,69;70;1;13,38;67;1;20,68;71;1;0,30;26;5;4,48;0;1;-11,07;24;2;32,37;11;3;0,616;62;1;0,907;64;1;1,210;5;2;-0,002;5;6;0,555;5;4;2,110;15;1;-0,228;4;6;0,77;2;2
HABARRAZ DA BELA;AZAP330;10/07/2010;15,75;1;5,47;1,15;74;10;4,57;75;2;7,38;71;2;12,70;74;1;2,85;49;1;5,61;0;1;-4,83;41;4;40,35;34;1;0,109;61;5;-0,083;64;7;1,075;50;2;2,018;50;2;2,712;50;1;4,739;59;1;1,047;48;1;-1,31;36;10
SAIGON DE NAVIRAI;CSCC5824;18/09/2016;15,74;1;0,78;-0,15;80;3;6,41;79;1;8,94;73;1;11,94;75;1;2,25;23;1;5,43;0;1;-15,23;20;1;33,83;13;2;1,264;54;1;1,950;50;1;2,480;37;1;3,752;37;1;3,382;37;1;3,959;67;1;-1,422;56;10;0,04;50;5
JHVM 11321 CAMPARINO;JHVM11321;15/09/2013;15,69;1;3,12;0,08;93;6;7,40;94;1;11,61;93;1;13,59;94;1;-2,49;62;10;0,47;0;6;-20,06;63;1;37,21;28;1;0,654;89;1;0,920;89;1;1,655;85;1;3,483;85;1;2,112;85;1;-0,601;76;8;-1,050;66;9;-0,30;53;7
INTERIOR DA  BELA;AZAN1373;30/08/2011;15,66;1;0,0;0,35;86;9;5,94;85;1;8,18;82;1;10,60;84;1;-0,02;66;6;2,82;0;3;-22,64;66;1;37,79;30;1;0,338;69;2;0,350;79;3;0,162;70;6;5,354;70;1;3,558;70;1;4,938;75;1;-1,901;66;10;0,95;62;2
REBATE DA AGUA BOA;OEV2784;17/04/2010;15,61;1;0,0;0,70;73;10;4,14;76;2;9,75;74;1;13,68;76;1;0,70;55;4;2,76;0;3;-13,72;50;1;39,10;44;1;0,276;58;3;0,404;69;3;1,249;78;2;7,515;78;1;2,775;78;1;1,470;42;1;0,705;30;2;1,68;29;1
NAVIRAI IBERICO;CSCN10825;30/08/2009;15,57;1;2,34;1,06;74;10;11,71;74;1;10,84;69;1;12,88;72;1;-0,89;52;8;5,79;0;1;0,52;42;6;37,76;35;1;0,366;50;2;0,442;61;3;1,454;49;1;1,405;49;3;1,466;49;2;2,190;67;1;-1,506;57;10;0,64;33;2
CALIBRE FIV CAMPARINO;JHVM13823;25/09/2015;15,56;1;1,66;0,63;95;10;7,36;95;1;11,39;93;1;15,82;93;1;2,35;43;1;5,86;0;1;-11,69;35;2;29,38;29;6;2,032;87;1;2,456;87;1;3,087;81;1;5,962;81;1;5,251;81;1;0,063;86;6;2,850;80;1;-1,92;57;10
TRIUNFO FIV DO JHV;JHVM6740;10/08/2009;15,51;1;0,0;0,44;94;9;10,09;94;1;14,29;93;1;16,24;94;1;3,40;88;1;8,50;0;1;-13,08;88;2;28,29;82;7;0,582;88;1;0,559;91;2;3,240;91;1;3,571;91;1;4,251;91;1;2,398;84;1;-0,668;76;8;-1,38;57;10
REM SAGRES;REM4677;02/10/2007;15,49;1;1,56;0,00;90;4;4,13;90;2;9,95;89;1;15,64;90;1;3,21;80;1;5,86;0;1;-8,50;68;3;34,39;60;1;1,087;85;1;1,252;86;1;-0,225;75;7;4,003;75;1;3,578;75;1;0,070;89;6;6,291;85;1;3,19;78;1
TOTAL MAT.;RDM6700;10/08/2013;15,48;1;0,39;0,82;90;10;9,11;91;1;11,92;90;1;14,55;91;1;-0,72;60;8;4,42;0;1;-10,04;63;2;36,35;33;1;0,187;84;4;0,247;85;4;-0,135;77;7;6,168;77;1;4,823;77;1;0,519;81;4;0,107;72;5;-2,13;49;10
CJ SANT ANNA 7964;CJCJ7964;10/01/2013;15,4;1;1,66;0,17;76;7;8,97;74;1;14,89;72;1;16,46;75;1;1,48;41;2;6,07;0;1;-16,68;35;1;31,43;19;4;-0,034;61;6;-0,314;59;8;1,158;18;2;2,382;18;1;2,811;18;1;2,278;26;1;-0,908;17;9;-0,20;15;6
ALBANES DO AVAHY;FEU1807;03/09/2012;15,39;1;0,0;0,63;78;10;1,35;76;5;6,17;72;2;12,46;75;1;-0,39;47;7;-0,07;0;6;-30,05;44;1;38,97;26;1;0,541;61;1;1,050;69;1;-0,719;54;9;3,364;54;1;2,754;54;1;1,443;66;1;3,212;56;1;-0,63;56;8
SAIGON MAT.;RDM5810;22/08/2012;15,37;1;4,30;0,36;73;9;5,69;74;1;10,05;70;1;16,10;73;1;2,23;51;1;5,44;0;1;-12,14;43;2;35,57;30;1;0,097;57;5;1,025;65;1;1,999;64;1;3,499;64;1;1,087;64;3;2,380;52;1;-0,391;40;7;1,25;38;1
RAIPUR OB;OBG7505;21/11/2001;15,37;1;6,25;-0,26;78;2;4,37;76;2;6,83;73;2;12,25;76;1;3,58;55;1;6,38;0;1;-14,11;44;1;36,44;39;1;0,323;63;2;1,243;71;1;-0,028;20;6;1,435;20;3;0,279;20;5;3,150;27;1;1,576;16;1;1,26;13;1
NAVIRAI FIV LATINO;CSCN11899;31/01/2011;15,37;1;1,56;0,33;78;9;7,28;76;1;10,95;72;1;12,39;75;1;0,48;50;4;4,84;0;1;-24,36;45;1;31,73;29;3;0,944;66;1;1,264;70;1;1,726;63;1;0,897;63;4;1,455;63;2;0,849;32;3;-1,116;22;10;-1,30;19;10
NAFITIL DA BONS.;ZAN144;17/11/1998;15,35;1;0,39;0,28;71;8;6,05;72;1;11,13;69;1;14,72;71;1;4,25;62;1;8,22;0;1;-5,10;51;4;33,00;46;2;0,786;57;1;1,035;65;1;1,485;65;1;1,637;65;2;2,995;65;1;4,086;52;1;0,631;41;3;0,30;28;4
IAOP 06 598;IAOP598;16/09/2006;15,34;1;0,0;0,55;75;10;5,75;72;1;8,56;70;1;11,68;71;1;-0,23;56;6;1,20;0;5;-8,78;41;3;41,11;27;1;0,405;32;2;0,986;23;1;0,833;16;3;1,271;16;3;1,774;16;2;1,485;62;1;0,643;51;2;0,46;6;3
DEPOSITO COL;COLA3699;09/10/2004;15,27;1;3,91;-0,21;87;2;3,67;91;3;6,03;89;2;12,65;91;1;-3,98;82;10;-3,13;0;10;-25,23;82;1;41,15;76;1;0,964;81;1;1,501;88;1;0,470;89;4;3,241;89;1;3,864;89;1;3,726;73;1;-0,519;62;8;-0,55;61;8
PARANA MATI;MATI414;18/09/2010;15,25;1;0,98;0,54;91;10;11,42;91;1;17,81;90;1;22,96;91;1;2,93;65;1;10,04;0;1;4,42;66;8;27,27;33;8;0,684;82;1;1,425;85;1;3,855;86;1;4,194;86;1;4,014;86;1;0,678;79;3;-1,306;71;10;-0,33;46;7
REM 5467;REM5467;15/04/2009;15,17;1;0,0;0,43;81;9;7,75;80;1;13,56;76;1;17,29;80;1;0,25;62;5;4,07;0;2;-1,75;54;5;36,29;42;1;0,369;62;2;0,402;75;3;4,203;43;1;2,055;43;2;2,187;43;1;0,170;78;5;-0,853;70;9;-1,16;67;10
CREPUSCULO DA CAMPO BELO;ZCO1009;05/01/2011;15,16;1;0,0;0,23;72;7;5,64;71;1;11,66;67;1;12,18;68;1;2,28;40;1;6,21;0;1;-12,81;35;2;33,75;20;2;0,818;62;1;1,081;60;1;1,209;16;2;0,377;16;5;0,144;16;6;1,329;19;2;1,436;8;1;0,91;7;2
REM QUARTUDO;REM3914;13/10/2005;15,16;1;1,56;0,52;78;10;7,26;76;1;9,66;71;1;8,98;74;2;5,98;60;1;12,91;0;1;-6,45;64;3;31,56;61;3;0,609;64;1;0,836;66;1;0,558;54;4;-0,543;54;7;-0,068;54;6;1,057;68;2;2,078;59;1;0,13;48;5
MACUNI DO SALTO;NANA1053;11/09/2002;15,12;1;1,76;0,26;96;8;7,20;97;1;9,68;96;1;13,96;96;1;-3,40;94;10;-0,03;0;6;-25,18;93;1;36,27;92;1;0,666;93;1;0,779;95;1;-0,262;96;7;6,388;96;1;4,906;96;1;-0,059;85;6;0,252;79;4;-1,04;73;9
BAMBU DA MN;LBMND1532;04/10/2006;15,04;1;0,93;-0,65;82;1;-4,17;83;10;-0,24;80;7;1,69;82;5;5,21;72;1;4,57;0;1;-40,08;67;1;40,72;59;1;0,069;71;5;0,508;75;2;0,263;71;5;4,199;71;1;2,101;71;1;2,251;63;1;-0,081;51;6;-0,78;43;9
ADAMO FIV KUBERA;ACF3522;17/11/2014;15,01;1;1,66;0,20;86;7;7,89;87;1;11,98;84;1;17,94;85;1;0,32;40;5;5,04;0;1;-5,90;38;4;34,07;28;1;0,590;66;1;0,274;72;4;4,182;75;1;6,706;75;1;6,446;75;1;2,087;64;1;1,838;51;1;0,15;32;5
LAREDO KA;KAPM5907;23/10/2015;14,99;1;0,20;0,26;76;8;7,31;75;1;11,10;70;1;16,14;72;1;0,22;38;5;3,96;0;2;-3,03;34;5;37,86;26;1;0,117;65;5;0,414;66;3;3,322;47;1;3,555;47;1;3,975;47;1;3,105;56;1;0,507;44;3;1,26;29;1
HAJASTHAN COL;COLA8208;16/11/2008;14,94;1;0,39;0,42;74;9;2,38;76;4;5,16;75;3;5,92;77;3;0,91;57;3;1,90;0;4;-19,20;49;1;40,98;46;1;0,745;69;1;1,515;71;1;1,236;55;2;2,854;55;1;1,925;55;1;1,356;46;2;0,786;33;2;1,52;17;1
D1579 DA MN;LBMND1579;09/10/2006;14,92;1;1,56;-0,35;76;1;-0,53;83;7;5,13;80;3;10,42;82;1;4,73;66;1;5,05;0;1;-11,72;62;2;40,32;50;1;0,273;64;3;0,194;75;4;-0,288;80;8;1,990;80;2;1,717;80;2;1,774;42;1;-1,014;29;9;0,33;27;4
DITINHO JL DA BAMA;AIB3450;27/10/2011;14,9;1;0,59;0,17;81;7;3,37;82;3;6,56;77;2;10,87;81;1;2,41;51;1;4,83;0;1;-23,90;47;1;35,38;21;1;0,452;67;2;0,903;74;1;2,188;44;1;3,511;44;1;3,567;44;1;1,765;71;1;-0,666;61;8;-0,70;61;8
MEDIEVAL FIV CABACAL;BAM2888;16/02/2007;14,89;1;0,98;1,04;78;10;7,55;82;1;13,60;79;1;18,11;81;1;1,70;63;2;6,72;0;1;-20,27;59;1;28,95;36;7;0,291;68;3;0,198;73;4;3,893;64;1;0,777;64;4;2,532;64;1;2,441;72;1;-1,128;63;10;-0,35;30;7
C7747 DA MN;LBMNC7747;18/12/2002;14,86;1;6,84;0,61;76;10;6,43;76;1;11,02;71;1;16,15;72;1;1,75;60;2;4,71;0;1;-13,78;50;1;33,48;41;2;0,355;66;2;0,505;70;2;1,477;61;1;2,025;61;2;1,176;61;3;1,889;48;1;0,970;35;2;1,86;34;1
DADO DA SM;FSM1257;28/01/1999;14,84;1;3,12;-0,30;88;1;-0,64;88;7;3,37;85;4;4,64;87;4;3,36;79;1;4,11;0;2;-18,52;76;1;41,48;71;1;0,654;77;1;0,532;82;2;0,565;74;4;2,349;74;1;0,174;74;5;1,705;76;1;1,712;66;1;-0,17;43;6
4455 DA KANG.;KAN4455;07/10/2003;14,78;1;0,0;0,20;61;7;6,35;72;1;9,27;69;1;9,70;72;2;0,83;51;4;4,38;0;1;-14,47;35;1;37,98;32;1;-0,047;36;7;-0,323;56;8;1,193;55;2;1,198;55;3;0,798;55;4;1,554;25;1;0,154;12;5;0,92;10;2
IAOP 08 1264;IAOP1264;08/10/2008;14,78;1;0,0;-0,48;72;1;-0,55;70;7;3,24;70;4;9,30;70;2;3,26;47;1;4,52;0;1;-21,76;32;1;40,15;17;1;0,084;18;5;0,502;30;2;1,974;32;1;3,529;32;1;1,974;32;1;0,959;65;2;0,643;55;2;0,58;4;3
TIJOLO DO GOLIAS;FSAT1554;06/10/2012;14,77;1;9,38;-0,54;76;1;7,48;75;1;6,48;69;2;8,21;71;2;0,10;34;5;2,22;0;3;-31,76;31;1;35,78;24;1;-0,051;61;7;-0,012;62;6;-0,519;63;8;1,554;63;2;2,442;63;1;2,622;64;1;1,422;53;1;4,71;54;1
1818 TERRA GRANDE;ATG1818;05/09/2012;14,76;1;3,52;0,24;76;8;6,22;75;1;8,70;70;1;9,33;74;2;-1,54;44;9;1,02;0;5;-20,61;40;1;37,54;18;1;0,787;45;1;0,724;68;1;0,007;23;6;2,997;23;1;2,305;23;1;1,048;69;2;2,324;60;1;0,51;49;3
ONASSIS COL;I8840;07/10/1993;14,74;1;0,29;0,12;93;6;5,21;93;2;6,80;91;2;6,44;92;3;1,45;90;2;4,73;0;1;-23,71;89;1;35,10;87;1;0,919;86;1;1,691;89;1;0,954;85;3;2,236;85;1;1,308;85;2;1,629;81;1;2,030;74;1;0,34;56;4
HIDROCOR DA QUIL;QUIL12890;08/10/2009;14,71;1;1,95;0,08;72;6;5,60;75;1;11,17;72;1;16,30;74;1;1,28;30;3;4,48;0;1;-12,93;37;2;32,87;21;2;0,871;59;1;1,674;59;1;1,957;18;1;4,027;18;1;2,269;18;1;0,472;35;4;0,905;22;2;-0,96;22;9
BARU DA JANDAIA;AIAA5954;15/10/2006;14,71;1;1,56;0,09;79;6;6,51;78;1;11,65;75;1;16,22;77;1;0,30;65;5;4,54;0;1;-7,00;58;3;34,03;52;1;0,981;71;1;1,368;73;1;0,909;58;3;1,103;58;3;3,141;58;1;-1,421;41;10;-0,053;30;5;0,74;27;2
NAVIRAI FIV 13287-13;CSCN13287;30/08/2013;14,71;1;0,0;-0,13;69;3;3,27;70;3;5,41;68;2;6,43;70;3;5,23;45;1;7,97;0;1;-11,87;36;2;35,52;22;1;1,051;40;1;1,224;55;1;0,259;25;5;2,810;25;1;2,755;25;1;2,080;63;1;1,046;51;1;-1,98;39;10
JOVEM DA DI GENIO;JCDG4117;10/09/2012;14,69;1;0,0;0,22;79;7;4,56;79;2;10,41;76;1;14,76;78;1;0,83;48;4;4,08;0;2;-16,67;49;1;35,46;31;1;0,205;72;4;0,210;69;4;2,806;65;1;0,568;65;4;1,759;65;2;-0,043;54;6;-0,169;42;6;-1,90;33;10
BERLOQUE DA BONS.;BONS130;04/12/2003;14,68;1;0,0;0,22;96;7;7,06;96;1;11,34;95;1;14,91;96;1;0,09;92;5;3,39;0;2;-7,29;92;3;35,00;89;1;0,916;92;1;1,239;94;1;1,755;94;1;2,366;94;1;2,529;94;1;0,825;89;3;-0,864;85;9;-2,36;66;10
BALTICO DA TRADICAO;UTIL1132;03/08/2012;14,66;1;3,91;0,08;83;6;2,66;84;4;5,87;80;2;8,39;83;2;1,93;58;2;3,44;0;2;-21,98;60;1;36,84;26;1;0,874;67;1;1,307;75;1;1,562;78;1;2,892;78;1;2,992;78;1;-0,189;65;7;0,297;53;4;-0,01;50;5
TOYOTA MAT.;RDM7399;18/11/2013;14,64;1;0,78;0,42;88;9;4,75;89;2;8,71;85;1;12,84;88;1;4,64;45;1;8,27;0;1;1,21;33;6;37,20;29;1;0,097;79;5;-0,106;83;7;2,161;73;1;3,111;73;1;2,593;73;1;2,320;67;1;-1,714;55;10;-3,13;39;10
REM VINICULTOR;REM6277;27/09/2010;14,6;1;2,64;-0,33;81;1;4,37;80;2;3,55;77;4;4,08;81;4;-0,18;68;6;0,89;0;5;-26,88;56;1;38,36;57;1;1,238;72;1;2,404;76;1;-1,254;72;10;3,181;72;1;3,495;72;1;2,409;73;1;2,885;63;1;-0,11;49;6
DNPP3480 DONA NINA;DNPP3480;08/10/2011;14,59;1;0,49;0,28;67;8;10,53;72;1;11,97;72;1;15,71;73;1;1,72;45;2;7,47;0;1;-6,97;40;3;31,20;20;4;0,321;21;2;0,922;33;1;3,656;35;1;2,345;35;1;1,594;35;2;0,974;27;2;0,058;17;5;2,22;17;1
LUZITANO OB;OBGA2807;29/01/2004;14,57;1;0,0;0,39;88;9;3,91;87;2;5,01;85;3;9,26;87;2;-0,21;70;6;1,46;0;4;-30,62;64;1;37,01;57;1;0,453;83;2;1,310;84;1;1,549;33;1;3,231;33;1;1,756;33;2;-0,147;39;7;1,041;26;1;0,70;17;2
ERROSO DO IZ;IZSNA1334;11/11/2005;14,56;1;1,17;0,11;91;6;4,01;92;2;7,29;90;2;11,45;92;1;1,39;84;2;3,77;0;2;-19,35;83;1;38,44;75;1;-0,372;80;9;0,058;86;5;1,540;89;1;3,571;89;1;2,133;89;1;1,538;78;1;0,983;68;2;-0,81;69;9
AGAPE DA LION;LION116;13/11/2009;14,56;1;0,0;-0,05;87;4;3,92;88;2;8,54;84;1;13,12;87;1;-1,38;73;9;0,05;0;6;-14,20;67;1;39,40;51;1;0,684;73;1;1,133;84;1;0,439;73;5;3,216;73;1;2,307;73;1;3,978;66;1;1,256;53;1;1,45;54;1
CRAQUE CAMPARINO;JHVM13629;11/09/2015;14,53;1;0,59;-0,08;85;3;5,52;84;1;11,59;77;1;12,38;79;1;2,88;36;1;5,65;0;1;-12,13;29;2;34,11;19;1;0,308;65;3;0,793;61;1;1,772;51;1;5,078;51;1;1,361;51;2;1,550;54;1;0,532;38;3;-1,40;26;10
C8478 DA MN;LBMNC8478;19/11/2003;14,46;1;2,64;0,13;91;6;2,04;91;4;4,17;89;3;7,84;90;2;1,70;84;2;3,69;0;2;-8,77;81;3;41,01;74;1;0,878;83;1;1,755;87;1;1,547;87;1;4,196;87;1;3,816;87;1;3,028;75;1;0,941;65;2;-0,27;64;7
CEN 9434 FISCAL TE;CEN9434;16/08/2014;14,43;1;0,0;-0,72;79;1;0,93;77;6;5,17;70;3;8,08;70;2;1,44;38;2;3,55;0;2;-24,47;32;1;38,19;30;1;0,564;59;1;0,984;61;1;-1,478;37;10;6,358;37;1;3,629;37;1;2,859;55;1;5,046;43;1;2,44;43;1
JEPEANTE;PAU1272;12/09/2010;14,4;1;0,0;-0,67;86;1;0,77;87;6;1,52;83;5;2,27;86;5;3,88;59;1;5,72;0;1;-6,69;64;3;43,14;47;1;0,768;69;1;1,312;75;1;-1,180;73;10;2,702;73;1;3,156;73;1;1,277;64;2;1,665;51;1;1,76;39;1
CACHIMBO DA MN;MANAC2853;30/11/1998;14,35;1;1,56;0,02;93;5;6,44;93;1;8,84;91;1;9,18;93;2;2,08;89;1;6,18;0;1;-12,27;85;2;35,63;83;1;0,293;87;3;-0,084;90;7;0,592;87;4;3,153;87;1;1,993;87;1;3,163;81;1;1,303;73;1;0,17;62;4
REPIQUE AL;NICK2265;31/05/2001;14,32;1;3,32;0,91;74;10;10,00;71;1;10,42;66;1;10,24;68;1;5,39;47;1;11,93;0;1;4,60;57;8;33,46;34;2;-0,113;21;7;-0,210;26;8;2,138;14;1;0,843;14;4;1,045;14;3;0,503;20;4;-0,771;10;9;-0,08;7;6
CAMINHO2 FIV DA LGAL;LGAL310;05/10/2013;14,32;1;0,39;0,66;70;10;6,74;73;1;12,22;67;1;19,47;70;1;0,90;42;3;4,54;0;1;-15,48;39;1;30,87;31;4;0,382;49;2;0,292;57;4;1,275;58;2;1,497;58;2;1,472;58;2;-0,142;44;7;-0,545;34;8;1,57;33;1
OBAMA DA DI GENIO;JCDG9200;17/09/2016;14,32;1;0,78;0,44;73;9;10,38;71;1;15,52;65;1;22,53;69;1;-0,55;36;7;4,38;0;1;3,62;29;7;31,98;24;3;0,578;58;1;0,423;58;3;3,937;41;1;3,167;41;1;3,439;41;1;4,261;43;1;-1,500;31;10;-0,58;28;8
SAPIRAO DO IZ;IZSN4521;15/09/1998;14,28;1;0,39;0,99;80;10;9,52;79;1;9,91;77;1;13,54;77;1;-1,84;71;10;0,99;0;5;-2,93;70;5;39,35;64;1;0,151;66;4;0,772;64;1;0,739;70;3;1,332;70;3;1,911;70;1;2,850;61;1;1,982;49;1;1,11;22;1
NOBRE TE DA PRIM.;J744;03/02/1994;14,26;1;2,54;0,33;92;9;5,43;92;1;7,22;90;2;12,05;91;1;-0,76;92;8;2,69;0;3;-36,74;91;1;33,27;90;2;-0,001;82;6;-0,047;86;6;2,175;85;1;0,608;85;4;0,182;85;5;2,123;74;1;-0,097;65;6;0,41;52;3
B8951 DA MN;MANAB8951;07/12/1995;14,21;1;2,05;0,90;78;10;6,72;77;1;7,73;73;1;9,76;75;1;0,85;69;3;4,43;0;1;-4,42;59;4;38,91;53;1;0,310;64;3;0,397;67;3;-1,093;55;10;0,937;55;4;0,709;55;4;2,994;64;1;2,565;53;1;0,45;42;3
SERTANEJO3 TE GUADALUPE;FGP5437;17/09/2011;14,2;1;1,66;1,03;79;10;11,63;78;1;16,66;76;1;19,56;77;1;0,62;48;4;7,13;0;1;-4,94;48;4;27,92;31;8;0,478;66;1;0,890;67;1;2,300;47;1;0,926;47;4;2,368;47;1;1,554;72;1;-1,437;63;10;-0,44;31;7
BATMAN MAT.;RDM8873;29/07/2016;14,2;1;0,0;1,22;92;10;7,04;92;1;9,97;89;1;14,56;91;1;2,60;38;1;7,41;0;1;-3,55;31;4;32,72;22;2;0,792;81;1;0,902;83;1;-1,396;84;10;7,189;84;1;5,616;84;1;1,767;70;1;0,641;59;2;-0,68;36;8
REM ROYAL;REM4374;28/10/2006;14,19;1;0,59;-0,17;70;2;7,03;73;1;7,65;71;1;13,33;74;1;-1,57;55;9;1,73;0;4;-11,80;36;2;38,04;39;1;0,367;61;2;1,020;68;1;1,058;14;2;4,821;14;1;5,168;14;1;1,195;69;2;0,739;59;2;0,83;47;2
TITAN MAT.;RDM7045;15/09/2013;14,19;1;0,0;0,07;82;5;3,53;83;3;12,28;81;1;15,91;82;1;2,07;61;1;5,39;0;1;-17,55;51;1;30,03;32;5;1,186;71;1;1,636;71;1;1,899;58;1;5,269;58;1;3,676;58;1;1,433;76;1;-1,330;67;10;-0,23;58;6
D5675 DA MN;LBMND5675;02/09/2010;14,19;1;2,15;0,03;65;5;-0,49;78;7;5,73;68;2;8,28;72;2;2,91;48;1;3,10;0;2;-12,22;37;2;40,04;24;1;0,850;36;1;1,635;50;1;1,819;44;1;4,318;44;1;2,337;44;1;1,995;38;1;1,198;26;1;-0,48;25;8
JUBILEU PECA RARA;PECA1278;20/10/2011;14,14;1;0,0;0,10;67;6;6,51;81;1;11,52;67;1;15,30;73;1;-0,53;25;7;2,56;0;3;-16,79;22;1;32,78;18;2;0,818;53;1;1,493;57;1;1,571;56;1;5,311;56;1;3,631;56;1;1,807;27;1;0,710;16;2;0,13;16;5
APOLO SM MATA VELHA;JBCF1923;08/10/2000;14,12;1;0,0;-0,02;83;4;4,54;83;2;8,41;73;1;15,89;81;1;1,99;64;1;4,27;0;2;-15,42;59;1;32,75;48;2;0,788;57;1;1,300;75;1;1,691;58;1;3,910;58;1;3,232;58;1;2,599;73;1;0,622;65;3;1,45;65;1
ACAPULCO DA MN;LBMND3268;11/02/2008;14,07;1;1,66;1,22;72;10;10,22;71;1;15,85;70;1;18,44;71;1;2,73;50;1;7,56;0;1;-10,55;39;2;25,98;24;9;0,582;60;1;0,305;61;3;1,993;48;1;3,407;48;1;2,826;48;1;2,758;55;1;-1,137;42;10;-2,19;36;10
RONDEL DA BONS.;ZAN768;11/11/2002;14,05;1;0,0;0,23;87;7;1,55;87;5;6,59;84;2;11,28;87;1;0,57;75;4;2,40;0;3;-24,68;70;1;37,95;58;1;0,025;68;6;-0,053;82;6;0,147;84;6;2,841;84;1;1,932;84;1;3,631;73;1;-2,122;63;10;-0,70;58;9
DOURO DE MARIPA;MBO1249;19/10/2010;14,01;1;2,83;0,25;86;8;5,06;85;2;7,80;83;1;11,46;85;1;4,22;63;1;7,06;0;1;-8,53;60;3;34,60;43;1;0,285;73;3;0,287;76;4;1,550;78;1;4,446;78;1;3,289;78;1;1,662;74;1;2,985;64;1;0,44;46;3
QUICONGO FAST;FAST2009;03/09/2011;14,01;1;1,95;0,74;74;10;4,88;73;2;6,44;62;2;10,31;72;1;3,49;40;1;5,88;0;1;-2,50;37;5;35,71;27;1;1,194;44;1;2,002;66;1;2,199;57;1;4,376;57;1;2,856;57;1;0,306;69;5;0,330;60;4;0,13;61;5
REM ALCOOL;REMP361;05/11/2011;14;1;1,56;0,01;76;5;5,52;79;1;10,45;75;1;15,05;79;1;-0,14;54;6;2,26;0;3;-6,69;45;3;36,54;29;1;0,630;69;1;1,073;75;1;2,577;62;1;5,801;62;1;5,384;62;1;1,926;78;1;5,303;71;1;3,60;56;1
BARBARUS 7 ESTRELAS;SEEN7444;16/04/2009;13,96;1;0,0;0,54;82;10;5,64;81;1;7,29;79;2;11,52;82;1;2,63;65;1;5,59;0;1;-14,73;56;1;34,99;45;1;0,052;70;5;0,092;77;5;0,773;55;3;-0,689;55;7;-0,714;55;8;-0,632;53;8;0,612;40;3;0,68;18;2
NORINO IDM;IDM6609;05/10/2016;13,93;1;2,73;0,12;51;6;10,25;75;1;13,60;68;1;20,10;71;1;-0,04;37;6;5,13;0;1;-7,51;32;3;30,54;23;5;0,151;62;4;0,602;41;2;1,040;43;2;2,381;43;1;2,939;43;1;2,058;43;1;1,273;32;1;-0,54;30;8
DENSO DS;DWS6176;02/08/1994;13,92;1;0,0;-0,23;84;2;4,16;84;2;10,23;78;1;12,33;84;1;5,38;78;1;9,36;0;1;-2,75;70;5;33,77;58;2;0,214;49;3;0,882;78;1;2,654;50;1;3,088;50;1;3,137;50;1;0,202;78;5;0,652;72;2;2,18;73;1
TIMIDO DA GREN.;GREN5423;24/07/2008;13,92;1;0,0;-0,20;83;2;5,03;81;2;6,77;75;2;7,48;80;2;1,49;62;2;2,38;0;3;-21,53;58;1;36,10;49;1;0,531;70;1;0,855;73;1;2,115;75;1;3,140;75;1;0,993;75;3;1,161;24;2;1,470;12;1;0,73;12;2
LOGAN DA DI GENIO;JCDG5092;15/09/2013;13,87;1;0,20;1,08;95;10;12,33;95;1;12,33;94;1;12,51;95;1;1,53;65;2;8,14;0;1;-13,95;72;1;29,52;31;6;-0,220;90;8;-0,225;91;8;1,247;90;2;2,442;90;1;2,688;90;1;2,469;85;1;0,705;79;2;1,35;70;1
BERLOK DA EDWIGES;L9314;20/09/1996;13,84;1;0,0;-0,15;79;3;0,97;80;5;5,35;71;3;8,46;78;2;2,92;66;1;5,33;0;1;-19,94;64;1;36,57;54;1;0,517;41;1;0,760;56;1;-0,381;42;8;1,168;42;3;-1,271;42;9;2,365;25;1;-0,393;15;7;-0,88;13;9
2308 NEBG;NEBG2308;29/06/2013;13,81;1;0,20;0,74;54;10;10,33;75;1;15,54;70;1;21,85;74;1;0,42;29;5;5,52;0;1;-6,47;26;3;29,12;18;6;0,039;53;6;0,568;62;2;4,078;41;1;1,662;41;2;2,272;41;1;-0,268;26;7;0,215;16;4;-0,62;16;8
AKAMUN;J5525;27/10/1993;13,79;1;0,39;-0,13;82;3;2,12;80;4;5,18;73;3;14,61;79;1;0,63;71;4;0,69;0;5;-20,56;61;1;38,76;54;1;-0,180;65;8;-0,332;73;8;-0,312;52;8;4,024;52;1;3,781;52;1;2,854;58;1;1,231;46;1;0,28;43;4
BINTHUR SALTO CAXIAS;RPK27;31/03/2003;13,79;1;2,93;0,92;81;10;6,86;80;1;10,80;73;1;13,85;79;1;2,32;66;1;5,81;0;1;-12,15;55;2;32,22;48;3;0,262;44;3;-0,013;72;6;3,524;36;1;0,541;36;4;0,365;36;5;0,141;69;5;-0,224;59;6;-1,75;59;10
ZAP MATI;MATI1449;25/05/2013;13,76;1;0,0;-0,21;76;2;5,59;76;1;6,48;73;2;8,12;75;2;1,24;44;3;5,52;0;1;-16,92;42;1;34,40;28;1;0,861;55;1;1,326;66;1;0,974;55;3;5,203;55;1;4,917;55;1;-0,996;47;9;2,709;35;1;1,17;30;1
ALAMO;IZSNA133;16/10/2001;13,73;1;0,59;0,07;86;5;7,32;88;1;10,53;85;1;13,78;88;1;-0,48;76;7;0,61;0;5;-4,25;76;4;40,15;68;1;-0,526;62;10;-0,537;77;9;2,002;84;1;3,341;84;1;1,231;84;3;1,920;65;1;0,366;53;4;1,41;44;1
RARO DA EAO;EAO7228;06/08/2012;13,72;1;0,0;-0,40;76;1;5,35;76;1;7,84;72;1;11,63;73;1;-0,32;56;7;1,31;0;5;-18,47;52;1;36,25;26;1;0,457;57;2;0,665;64;2;0,584;67;4;5,984;67;1;5,301;67;1;1,806;46;1;0,169;34;4;1,21;29;1
HARIEL DA DICA;DICO1677;07/09/2010;13,71;1;0,0;0,14;86;6;4,07;86;2;7,41;78;2;11,69;85;1;0,58;71;4;2,09;0;4;-13,87;61;1;37,75;55;1;0,306;52;3;0,694;79;1;2,068;51;1;0,232;51;5;2,418;51;1;0,319;80;5;-0,222;72;6;-1,42;73;10
C1781 DA MN;MANAC1781;08/01/1998;13,7;1;2,54;0,29;88;8;3,85;88;2;7,04;83;2;9,31;86;2;0,87;78;3;3,45;0;2;-15,37;73;1;38,70;68;1;-0,082;58;7;-0,128;79;7;1,572;73;1;-0,297;73;7;-0,835;73;8;-0,191;70;7;-1,119;60;10;0,09;60;5
JAVARI BONS;BONS2099;22/09/2011;13,69;1;0,0;-0,17;79;2;1,00;81;5;3,70;78;4;5,68;80;3;0,35;60;5;2,64;0;3;-24,29;60;1;39,38;30;1;0,577;67;1;0,518;70;2;1,016;65;2;4,835;65;1;0,923;65;3;1,392;75;1;0,473;67;3;-2,34;30;10
MANH 02 DA MN;MANH2;15/11/1997;13,65;1;0,0;-0,45;72;1;3,08;72;3;5,24;67;3;4,72;68;4;2,62;61;1;4,31;0;1;-28,57;53;1;35,83;46;1;0,170;53;4;0,092;59;5;0,629;36;4;1,639;36;2;-0,050;36;6;-0,570;41;8;-0,509;30;8;-1,85;29;10
NIGER DA MN;LBMN7608;29/08/2012;13,63;1;1,32;-0,27;74;2;8,58;73;1;10,95;65;1;13,00;63;1;0,17;27;5;4,68;0;1;-13,95;28;1;32,51;13;3;0,306;62;3;0,247;62;4;3,404;59;1;5,620;59;1;3,930;59;1;2,858;22;1;1,066;11;1;-0,10;10;6
BENIN MAT.;RDM9731;09/11/2016;13,59;1;1,07;0,91;63;10;6,18;70;1;13,15;62;1;15,63;65;1;3,16;36;1;7,84;0;1;-6,85;28;3;29,62;23;6;0,699;52;1;1,605;52;1;2,483;52;1;4,831;52;1;4,155;52;1;2,504;55;1;-0,652;44;8;1,35;37;1
JOVIAL DO SNI;SNI7329;17/09/2012;13,57;1;0,0;-0,12;71;3;4,46;71;2;8,57;69;1;10,23;71;1;4,06;47;1;7,71;0;1;-16,20;42;1;31,99;28;3;0,380;44;2;0,558;60;2;3,457;39;1;3,484;39;1;2,702;39;1;-1,389;71;10;-0,075;63;6;0,04;64;5
GRADUAL DA S.LUCAS;SLNP612;05/08/2014;13,56;1;0,0;0,57;69;10;5,28;71;2;11,05;67;1;16,31;71;1;2,24;36;1;6,37;0;1;-9,95;29;2;31,18;20;4;0,608;37;1;1,575;62;1;0,119;36;6;3,697;36;1;2,945;36;1;0,564;66;4;-0,123;57;6;1,33;58;1
LATIM DO IZ;IZSNA2919;25/10/2011;13,56;1;1,37;0,20;76;7;7,13;76;1;9,63;73;1;15,13;76;1;-2,88;43;10;-2,33;0;9;-12,41;40;2;37,98;21;1;0,424;59;2;0,980;67;1;2,879;56;1;3,437;56;1;2,587;56;1;2,978;63;1;2,014;52;1;-0,98;45;9
EDITO DA APA;SFPO1146;15/01/2006;13,54;1;0,78;0,06;59;5;5,37;70;1;7,83;68;1;8,61;71;2;-1,29;42;9;1,82;0;4;-16,68;36;1;37,52;34;1;0,598;61;1;1,240;66;1;1,608;57;1;2,750;57;1;3,614;57;1;2,332;57;1;2,957;44;1;-0,77;18;9
GAETAN KA;KAPM1683;04/10/2010;13,54;1;1,56;-0,29;81;2;2,15;80;4;6,80;78;2;7,63;79;2;5,36;68;1;6,99;0;1;-13,60;58;2;33,70;44;2;0,875;69;1;0,839;69;1;3,503;46;1;3,812;46;1;3,446;46;1;1,665;64;1;-0,153;53;6;-2,54;29;10
ANIL CM;D9574;08/10/1985;13,48;1;0,0;-0,02;89;4;3,70;90;3;6,38;86;2;7,44;89;2;3,13;87;1;6,00;0;1;-22,14;85;1;32,97;81;2;0,710;72;1;1,048;82;1;1,801;76;1;-0,086;76;6;0,672;76;4;0,878;66;3;1,043;55;1;1,41;42;1
REGENTE FAST;FAST2204;18/08/2012;13,44;1;0,59;0,81;74;10;12,95;72;1;17,12;60;1;14,46;72;1;2,08;39;1;9,50;0;1;7,31;37;8;29,43;25;6;0,263;43;3;-0,368;68;9;2,313;46;1;2,770;46;1;2,508;46;1;1,396;69;1;0,109;61;5;-2,12;61;10
BARAN TERRA BOA;BOA8197;12/08/2009;13,4;1;0,0;0,56;67;10;3,59;71;3;7,88;69;1;10,16;70;1;1,74;47;2;4,34;0;1;-10,96;43;2;34,05;33;1;1,405;58;1;1,951;59;1;1,852;70;1;1,182;70;3;1,185;70;3;0,653;67;3;-1,181;58;10;0,14;20;5
CONDE OL;OLL3572;15/04/2007;13,4;1;0,0;-0,08;76;3;3,88;76;2;6,46;68;2;11,50;73;1;2,49;55;1;4,20;0;2;-6,03;43;4;37,61;30;1;0,307;43;3;0,173;61;4;1,189;73;2;2,119;73;2;0,065;73;6;-1,134;51;9;-0,382;38;7;0,67;30;2
QUITOCO DA S.M;H4862;04/09/1990;13,39;1;3,52;0,09;83;6;1,57;83;5;7,87;78;1;7,68;81;2;5,17;77;1;8,02;0;1;-9,47;71;2;36,10;65;1;0,119;59;5;-0,159;68;7;-0,813;39;9;-0,451;39;7;-1,692;39;10;2,107;28;1;0,701;16;2;0,26;10;4
HERCULES COL;COLA8630;08/01/2009;13,38;1;0,88;0,20;89;7;6,71;89;1;11,23;88;1;15,62;89;1;1,88;77;2;5,54;0;1;-11,08;74;2;30,91;67;4;0,480;84;1;0,666;85;2;0,833;80;3;4,504;80;1;3,318;80;1;3,646;81;1;-0,284;74;7;-0,22;39;6
2838 PO DA LACADA;BETO2838;11/11/2011;13,37;1;0,0;0,05;73;5;6,28;72;1;10,45;55;1;12,61;72;1;2,73;45;1;6,55;0;1;-6,10;42;4;31,83;34;3;0,855;46;1;0,735;66;1;-0,633;38;9;3,657;38;1;2,173;38;1;2,463;42;1;1,308;31;1;2,07;30;1
A 646 NEUTRO DA GUAI;GUAIA646;02/09/2010;13,37;1;3,32;0,03;74;5;8,70;73;1;9,85;53;1;12,52;70;1;-1,39;48;9;2,78;0;3;-16,55;41;1;32,79;37;2;0,645;44;1;1,150;67;1;2,644;39;1;1,442;39;3;1,128;39;3;-0,655;42;8;-0,682;30;8;-0,63;28;8
OKASHMARAY;ILZ1128;05/12/2011;13,36;1;0,0;0,20;81;7;6,80;77;1;9,58;50;1;12,45;52;1;2,47;41;1;7,09;0;1;-13,68;35;2;31,16;18;4;0,351;28;2;0,821;34;1;1,446;24;1;-0,623;24;7;-0,652;24;8;0,010;25;6;-0,867;18;9;-1,28;18;10
BRONZE CAMPARINO;JHVM15089;02/10/2016;13,36;1;0,59;-0,52;78;1;6,78;78;1;10,17;69;1;13,98;71;1;1,55;33;2;5,95;0;1;-13,59;26;2;30,60;19;5;0,695;48;1;1,076;51;1;0,204;45;6;2,468;45;1;3,421;45;1;-1,255;53;10;-1,831;41;10;-1,27;26;10
HARATAN DA SM;FSM3438;16/12/2003;13,33;1;0,0;0,16;72;7;2,61;73;4;5,18;68;3;6,05;68;3;4,99;54;1;7,48;0;1;-17,51;40;1;35,09;19;1;0,154;63;4;0,128;66;5;1,415;36;2;0,078;36;6;0,650;36;4;0,779;17;3;-0,525;6;8;-0,64;5;8
FANTOCHE TERRA BOA;BOA9714;03/06/2013;13,32;1;0,39;0,81;76;10;10,79;77;1;14,40;73;1;17,60;75;1;0,13;44;5;5,93;0;1;-14,02;38;1;28,94;29;7;-0,298;60;9;-0,919;60;10;2,034;59;1;1,576;59;2;2,154;59;1;2,705;54;1;1,148;43;1;0,53;30;3
REM SADVIR;REM4829;11/11/2007;13,32;1;6,25;-0,41;79;1;4,60;78;2;5,50;76;2;7,87;79;2;3,36;55;1;6,33;0;1;-22,87;44;1;31,76;48;3;0,741;73;1;1,106;75;1;-0,044;35;7;0,868;35;4;1,077;35;3;-1,321;79;10;2,782;72;1;-2,13;62;10
JHVM 11332 FIV CAMPARINO;JHVM11332;15/09/2013;13,3;1;0,0;0,24;87;8;8,21;89;1;12,27;86;1;14,02;88;1;4,63;51;1;10,10;0;1;-0,98;46;5;27,75;31;8;0,979;77;1;1,101;79;1;-0,095;73;7;2,748;73;1;3,081;73;1;1,885;63;1;0,273;51;4;0,12;32;5
HOATCHI LEMGRUBER;LEM430;26/12/2008;13,26;1;25,59;0,51;88;10;7,70;89;1;11,68;86;1;17,40;88;1;-0,11;68;6;3,62;0;2;0,81;66;6;35,04;24;1;0,271;74;3;0,047;84;5;0,419;81;5;6,283;81;1;2,949;81;1;3,091;78;1;2,132;70;1;-0,44;68;7
BIRIMBAU DO IZ;IZSNA408;28/10/2002;13,25;1;0,0;0,16;79;7;10,18;83;1;14,83;80;1;20,07;82;1;-5,80;52;10;-4,09;0;10;-11,79;63;2;35,33;33;1;0,279;66;3;0,877;75;1;-1,232;64;10;3,946;64;1;4,303;64;1;6,702;75;1;0,703;66;2;1,00;66;1
B1737 TG;VBAB1737;26/09/2012;13,24;1;0,0;0,15;74;6;4,04;72;2;6,91;70;2;11,22;72;1;2,58;39;1;5,41;0;1;-13,82;37;1;36,23;20;1;-0,312;65;9;-0,287;58;8;1,784;21;1;2,227;21;1;1,841;21;2;-1,741;43;10;-0,732;31;8;0,42;27;3
CEN 3348 LAMBISCO;CEN3348;13/07/2002;13,24;1;0,0;-0,15;91;3;2,25;91;4;6,02;89;2;8,32;91;2;8,27;83;1;11,70;0;1;-12,83;81;2;32,43;75;3;-0,279;82;9;-0,305;87;8;1,459;88;1;1,982;88;2;1,729;88;2;1,054;62;2;-0,200;49;6;0,75;32;2
MUKESH FIV COL;COL21517;03/10/2012;13,21;1;1,95;0,14;96;6;8,91;96;1;13,76;95;1;19,67;96;1;-1,03;67;8;2,85;0;3;-25,51;61;1;25,90;27;9;0,651;91;1;1,249;92;1;1,635;90;1;3,783;90;1;4,512;90;1;2,930;86;1;-0,268;80;7;-1,78;65;10
CHOPANO FIV 7 ESTRELAS;SETE19 44;05/11/2013;13,21;1;0,39;0,66;72;10;7,74;71;1;8,83;69;1;11,13;72;1;-0,58;44;7;4,07;0;2;-9,98;42;2;34,30;19;1;0,726;52;1;0,464;66;2;1,561;23;1;0,579;23;4;0,989;23;3;0,885;36;3;-0,045;24;5;-0,77;17;9
SERVO DA PECA RARA;PECA2301;10/09/2013;13,2;1;0,0;-0,13;65;3;4,24;83;2;3,15;79;4;7,28;81;2;-2,13;49;10;0,26;0;6;-17,47;47;1;39,97;18;1;0,839;65;1;1,015;75;1;0,392;69;5;4,689;69;1;4,557;69;1;1,857;39;1;0,512;26;3;0,53;27;3
RANGER COL;COL8510;12/12/1996;13,16;1;0,29;0,14;92;6;4,39;93;2;2,93;91;4;2,30;92;5;-1,30;89;9;0,08;0;6;-30,39;87;1;37,54;85;1;1,021;86;1;1,563;90;1;-0,587;85;9;2,899;85;1;2,503;85;1;3,329;84;1;0,005;78;5;-1,38;67;10
MANH 105;MANH105;09/11/1999;13,14;1;0,29;0,27;94;8;6,90;94;1;7,73;92;1;6,75;93;3;0,70;90;4;3,73;0;2;-13,49;87;2;35,29;84;1;0,668;84;1;0,510;89;2;2,319;89;1;-1,728;89;9;-1,481;89;9;-0,887;79;9;-0,631;70;8;2,96;66;1
FERIADO OB;OBG7034;29/09/2001;13,13;1;0,0;0,49;95;10;6,40;95;1;11,01;94;1;15,34;94;1;3,31;91;1;7,55;0;1;4,82;89;8;35,47;87;1;-0,402;91;10;-0,588;93;10;2,964;89;1;-0,080;89;6;1,776;89;2;-0,331;66;7;0,154;54;5;-1,07;48;10
LBMH 561 DA MN;LBMH561;17/10/2004;13,1;1;1,37;0,47;72;10;4,85;71;2;8,40;66;1;11,49;69;1;1,63;53;2;4,29;0;1;-4,95;40;4;36,77;36;1;0,287;29;3;1,173;64;1;1,819;38;1;2,227;38;1;2,390;38;1;1,634;43;1;0,109;31;5;-0,09;31;6
NUR MAHAL COL;G5191;28/06/1992;13,1;1;2,34;0,30;96;8;3,98;96;2;5,19;94;3;8,11;95;2;-1,36;94;9;0,81;0;5;-29,31;93;1;36,20;92;1;0,470;90;1;0,791;93;1;0,375;91;5;2,849;91;1;2,031;91;1;-0,388;83;7;0,883;77;2;-0,85;68;9
HOUSTON COL;COLA8088;05/11/2008;13,1;1;0,29;0,09;83;6;4,96;86;2;9,87;84;1;12,67;85;1;2,26;68;1;4,11;0;2;-27,36;66;1;29,78;59;6;0,263;76;3;0,363;81;3;0,685;84;4;-0,223;84;6;1,900;84;1;2,158;61;1;3,024;46;1;0,95;16;2
JUPITER DA DICA;DICO2848;06/08/2012;13,08;1;0,39;0,29;74;8;5,23;74;2;8,23;63;1;10,91;73;1;-0,41;54;7;2,17;0;3;-22,25;46;1;34,42;30;1;0,331;47;2;0,446;67;3;1,949;39;1;3,132;39;1;3,196;39;1;1,483;67;1;-0,267;57;7;-1,27;56;10
CENTENARIO;4695;17/11/1964;13,05;1;0,0;-0,15;75;3;-0,41;74;7;3,94;71;3;5,86;73;3;2,92;73;1;3,89;0;2;-13,97;65;1;40,63;52;1;0,139;41;4;0,311;52;3;-0,967;32;9;1,319;32;3;0,026;32;6;2,031;51;1;1,565;38;1;-0,97;33;9
MANIPUR VB DA VALE;VBV8510;14/09/2010;13,04;1;2,34;-0,02;74;4;7,40;74;1;12,10;74;1;16,38;74;1;-1,11;51;8;2,96;0;3;-19,44;37;1;31,31;33;4;0,073;49;5;0,735;70;1;-0,162;79;7;2,607;79;1;2,549;79;1;2,645;18;1;-1,247;8;10;-0,29;7;7
D3924 DA MN;LBMND3924;03/11/2008;12,97;1;3,52;0,16;74;7;2,63;75;4;5,39;71;2;7,56;73;2;1,77;59;2;2,60;0;3;-10,33;54;2;39,45;39;1;0,319;62;2;0,614;67;2;-0,602;62;9;3,804;62;1;1,256;62;3;1,290;49;2;1,481;37;1;1,83;37;1
CJ SANT ANNA 8692;CJCJ8692;09/12/2013;12,96;1;0,78;-0,46;74;1;5,40;73;1;9,95;70;1;12,14;73;1;-0,38;38;7;2,88;0;3;-5,94;31;4;35,11;19;1;1,038;63;1;1,013;63;1;2,059;19;1;1,372;19;3;2,593;19;1;0,420;27;4;-0,213;18;6;-1,28;16;10
CJ SANT ANNA 8433;CJCJ8433;30/11/2013;12,9;1;2,15;-0,30;75;2;6,09;74;1;10,63;71;1;9,57;73;2;-1,03;37;8;2,43;0;3;-11,77;34;2;33,79;18;2;1,297;55;1;0,914;55;1;0,352;18;5;2,762;18;1;1,420;18;2;-0,805;30;9;-0,049;19;5;-1,21;15;10
NASHE;REMC553;07/10/2002;12,9;1;0,0;-0,31;75;1;1,65;74;5;3,51;69;4;4,71;73;4;3,06;60;1;4,22;0;2;-20,59;42;1;38,46;44;1;-0,091;60;7;0,444;67;3;0,458;29;4;2,331;29;1;1,244;29;3;0,433;70;4;1,094;61;1;-0,94;50;9
CEN 1856 DESACATO TE;L9320;15/09/1996;12,89;1;0,0;0,06;90;5;4,76;89;2;5,16;86;3;6,82;88;3;0,38;83;5;2,53;0;3;-10,26;80;2;39,12;77;1;0,413;71;2;0,577;78;2;0,259;73;5;-1,182;73;8;0,020;73;6;1,540;50;1;-0,373;36;7;-0,30;29;7
HOPUR TE DO JAL;JAX705;28/11/2003;12,88;1;0,78;0,59;84;10;5,53;86;1;8,74;83;1;12,66;85;1;4,14;76;1;7,98;0;1;-14,37;71;1;29,52;64;6;0,406;76;2;0,426;79;3;2,274;77;1;0,366;77;5;0,749;77;4;0,985;55;2;-0,014;43;5;0,08;34;5
REM QUADRO TE;REM3729;26/04/2005;12,87;1;0,0;-1,27;71;1;1,91;70;4;5,33;68;3;8,40;72;2;3,33;56;1;4,97;0;1;-19,47;33;1;34,99;39;1;0,321;60;2;0,210;63;4;0,025;24;6;1,360;24;3;1,545;24;2;2,853;70;1;0,833;62;2;-0,58;56;8
MANH 207 DA MN;MANH207;15/10/2001;12,86;1;0,0;0,08;73;6;3,39;72;3;6,77;68;2;7,75;70;2;2,89;55;1;5,53;0;1;-14,29;44;1;35,97;42;1;0,057;25;5;0,243;63;4;0,892;46;3;1,278;46;3;-0,622;46;8;-0,401;50;7;-1,584;38;10;0,05;39;5
LANDAU DA DI GENIO;JCDG4599;24/03/2013;12,82;1;0,0;0,51;97;10;5,59;97;1;8,21;96;1;11,38;96;1;2,76;85;1;4,98;0;1;-11,84;89;2;32,33;31;3;0,622;92;1;0,692;93;1;1,368;92;2;2,511;92;1;2,045;92;1;0,284;90;5;-0,787;86;9;-0,48;70;8
TRIBUNAL FIV DE MARIPA;MBO3774;01/08/2015;12,81;1;1,27;0,61;72;10;6,03;72;1;7,41;66;2;5,85;71;3;2,83;38;1;6,79;0;1;-8,05;32;3;33,48;29;2;1,010;55;1;0,538;58;2;3,405;54;1;1,993;54;2;4,005;54;1;1,699;45;1;2,509;35;1;0,06;33;5
OCEANO DE CV;CVCV5683;22/09/2006;12,8;1;0,0;0,81;88;10;5,26;88;2;6,71;86;2;7,92;87;2;5,38;74;1;9,57;0;1;-21,02;74;1;29,47;70;6;0,141;80;4;-0,025;84;6;0,253;83;5;0,826;83;4;0,834;83;4;1,869;73;1;1,286;63;1;1,67;47;1
SUDAO DA MN;LBMND7483;12/08/2012;12,8;1;0,98;-0,43;89;1;1,39;90;5;5,09;88;3;9,92;90;1;2,83;68;1;3,53;0;2;-4,46;70;4;39,46;19;1;0,334;82;2;0,565;85;2;0,888;80;3;4,936;80;1;4,951;80;1;4,356;72;1;-0,479;60;7;0,63;52;2
TENOR DA ELGE;ELGE3819;03/08/2015;12,77;1;0,49;0,25;78;8;3,76;77;3;4,85;73;3;8,47;74;2;2,02;34;1;4,77;0;1;-17,83;28;1;33,62;25;2;0,933;56;1;1,021;59;1;1,006;59;2;3,264;59;1;3,069;59;1;0,032;62;6;2,300;50;1;-2,90;51;10
C2569 DA MN;MANAC2569;30/10/1998;12,76;1;7,23;0,38;97;9;6,39;97;1;8,03;97;1;10,44;97;1;0,21;95;5;2,89;0;3;-0,07;94;6;38,48;93;1;0,332;94;2;0,354;96;3;1,286;96;2;3,988;96;1;3,065;96;1;4,169;92;1;1,422;89;1;0,05;86;5
DIRIGIVEL COL;COLA4210;26/11/2004;12,76;1;1,27;0,18;95;7;7,12;95;1;9,75;94;1;12,36;95;1;1,15;91;3;4,90;0;1;-11,25;89;2;31,14;86;4;0,822;90;1;1,235;93;1;1,846;92;1;1,148;92;3;1,795;92;2;3,897;87;1;-1,212;82;10;-1,15;73;10
RAPPER MAT.;RDM5384;01/10/2011;12,76;1;1,56;0,40;75;9;4,02;70;2;8,39;63;1;11,90;67;1;2,29;40;1;4,79;0;1;-10,62;34;2;33,69;22;2;0,561;40;1;0,935;57;1;1,051;55;2;2,180;55;1;2,992;55;1;3,061;33;1;-0,467;22;7;-0,03;18;5
IMPERIOSO COL;COLA9123;30/11/2009;12,74;1;0,0;0,04;78;5;5,07;77;2;5,73;76;2;11,03;78;1;-0,52;62;7;2,08;0;4;-1,75;50;5;40,32;47;1;0,244;71;3;0,531;71;2;0,705;38;4;1,009;38;3;-1,344;38;9;1,298;60;2;0,536;49;3;-1,26;28;10
CEN 6664 ARAPOTI;CEN6664;07/08/2009;12,74;1;1,56;-0,29;80;2;3,96;80;2;4,33;76;3;5,85;80;3;-0,42;60;7;2,22;0;3;-24,42;55;1;36,66;36;1;0,510;65;1;0,905;74;1;0,847;34;3;-0,110;34;6;1,370;34;2;2,728;33;1;-1,155;19;10;-0,26;10;7
ESCALDADO;E1406;22/09/1985;12,73;1;0,0;-0,17;72;2;2,34;70;4;4,00;66;3;8,64;69;2;-0,55;52;7;-0,37;0;7;-19,06;51;1;41,78;41;1;-0,444;34;10;-0,624;37;10;0,869;34;3;3,768;34;1;2,822;34;1;2,287;36;1;-0,299;27;7;0,97;22;1
NITRO DO BATUQUE;FBFM7438;20/09/2016;12,73;1;1,17;-0,43;70;1;4,19;71;2;10,80;71;1;15,50;72;1;4,15;35;1;7,83;0;1;-3,46;29;5;29,68;21;6;0,971;67;1;1,629;66;1;-0,443;37;8;1,487;37;2;1,850;37;2;-1,127;69;9;3,047;58;1;0,65;28;2
TORETAO DO JHV;JHVM5969;29/09/2008;12,72;1;0,0;1,06;77;10;6,95;76;1;10,69;74;1;15,40;75;1;3,52;57;1;6,61;0;1;-7,23;53;3;30,71;46;4;0,003;65;6;-0,312;69;8;3,141;66;1;2,144;66;2;0,196;66;5;-1,357;57;10;-0,954;44;9;-1,76;34;10
ADEPT DA BELA;AZAN43;14/12/2003;12,71;1;0,0;-0,01;76;4;2,21;75;4;8,33;71;1;11,42;74;1;3,15;66;1;5,72;0;1;-14,99;63;1;36,28;58;1;-0,780;60;10;-0,604;67;10;-1,272;61;10;4,982;61;1;4,327;61;1;2,694;48;1;-0,286;35;7;0,86;25;2
RACHADOR DA AT;AAT5636;02/06/2000;12,65;1;2,34;0,35;75;9;8,86;76;1;11,83;65;1;12,07;75;1;0,22;45;5;5,26;0;1;-8,62;48;3;31,57;39;3;0,411;41;2;1,183;63;1;2,948;60;1;2,295;60;1;1,691;60;2;-0,014;50;6;-1,426;37;10;-1,65;38;10
JUIZO VB DA VALE;VBV7132;13/10/2007;12,57;1;0,0;-0,27;74;2;3,30;78;3;4,89;77;3;7,75;78;2;3,84;62;1;6,51;0;1;-14,94;59;1;36,21;51;1;-0,421;55;10;-0,283;68;8;0,949;80;3;3,128;80;1;1,918;80;1;0,002;44;6;0,235;32;4;1,24;31;1
BERILO TG;VBA9252;05/09/2011;12,57;1;1,17;0,12;81;6;4,13;79;2;8,67;74;1;10,13;78;1;1,78;54;2;3,70;0;2;-19,88;46;1;33,06;27;2;0,275;49;3;1,267;71;1;1,936;37;1;2,733;37;1;3,131;37;1;1,852;73;1;-0,550;64;8;0,91;48;2
BAU;TECO94;09/06/2001;12,52;1;0,39;0,26;93;8;3,72;93;3;7,20;91;2;10,62;93;1;0,94;87;3;2,31;0;3;-3,90;85;4;37,14;81;1;0,893;85;1;1,222;90;1;1,319;90;2;4,346;90;1;3,319;90;1;-1,468;81;10;-1,458;73;10;0,19;71;4
BALAMU COL;COLA2072;07/10/2002;12,46;1;1,95;-0,47;76;1;-1,62;75;8;-2,52;73;8;-2,69;75;8;0,11;63;5;0,15;0;6;-33,71;51;1;42,62;49;1;0,645;67;1;0,594;69;2;-1,680;58;10;0,690;58;4;1,162;58;3;0,695;63;3;2,589;52;1;-0,59;18;8
HERDEIRO DO IZ;IZSNA1941;18/09/2008;12,44;1;0,20;-0,34;82;1;7,70;82;1;11,77;70;1;19,95;79;1;-2,87;44;10;-2,01;0;9;-6,62;45;3;35,79;26;1;-0,013;50;6;0,911;70;1;-0,183;61;7;3,269;61;1;4,295;61;1;5,033;73;1;1,927;64;1;0,98;63;1
FEITICEIRO COL;COLA6140;23/10/2006;12,43;1;0,78;0,54;83;10;7,08;84;1;8,39;83;1;9,60;84;2;0,37;67;5;4,35;0;1;2,65;58;7;36,88;49;1;0,635;77;1;0,690;80;1;-0,364;70;8;5,035;70;1;4,948;70;1;0,428;74;4;0,401;64;3;-0,63;37;8
NAVIRAI FIV 11955-11;CSCN11955;23/04/2011;12,39;1;0,0;0,46;35;9;5,69;73;1;8,79;70;1;13,06;73;1;1,44;47;2;5,34;0;1;-12,31;39;2;32,66;35;2;0,088;53;5;0,004;63;6;2,959;71;1;3,491;71;1;1,300;71;2;-0,282;32;7;0,145;23;5;0,20;20;4
PAPUDO;G6162;30/09/1986;12,39;1;0,0;0,22;79;7;3,10;79;3;4,42;75;3;4,81;78;4;1,73;77;2;3,81;0;2;-17,34;72;1;35,81;67;1;0,855;58;1;0,750;63;1;0,932;59;3;-1,569;59;9;-1,421;59;9;1,349;45;2;1,352;33;1;0,60;29;3
REDEEM OB;OBGC5215;14/01/2013;12,38;1;0,0;0,25;78;8;6,31;77;1;10,88;71;1;17,49;73;1;3,36;26;1;8,00;0;1;5,06;22;8;28,91;18;7;1,283;69;1;1,341;68;1;1,322;18;2;-0,367;18;7;0,398;18;5;2,156;55;1;0,873;42;2;-0,86;13;9
ABIL;IZSNA27;27/09/2001;12,38;1;1,56;0,29;81;8;5,63;82;1;6,10;78;2;10,14;81;1;0,17;65;5;2,66;0;3;-15,71;64;1;34,91;56;1;0,406;54;2;0,810;69;1;1,946;73;1;0,250;73;5;0,262;73;5;0,241;39;5;-0,345;23;7;-1,14;11;10
2218 FIV GREN.;GRED2218;28/07/2011;12,36;1;0,0;-0,01;68;4;7,15;77;1;7,25;71;2;8,05;76;2;0,43;53;5;3,27;0;2;-12,05;48;2;35,05;28;1;0,363;64;2;0,727;71;1;0,519;60;4;2,935;60;1;3,233;60;1;0,800;43;3;1,156;30;1;1,95;29;1
LEAO DA S.MARTA;G418;07/05/1992;12,35;1;0,39;-0,18;63;2;-0,84;72;8;1,73;66;5;5,45;68;3;1,59;74;2;1,99;0;4;-26,97;68;1;38,65;65;1;0,233;49;3;0,526;57;2;1,443;62;1;-2,087;62;10;0,242;62;5;1,346;21;2;-0,853;11;9;1,92;6;1
B5136 DA MN;I3894;23/10/1992;12,33;1;0,0;-0,02;82;4;2,47;83;4;5,82;80;2;7,55;80;2;1,68;76;2;3,60;0;2;-11,61;67;2;38,55;58;1;-0,039;67;6;-0,961;75;10;0,578;71;4;2,903;71;1;2,899;71;1;3,344;51;1;-0,256;39;6;-0,09;35;6
IAOP 05 412;IAOP412;08/09/2005;12,32;1;0,0;0,77;77;10;3,16;76;3;9,59;75;1;20,23;75;1;1,34;65;2;3,40;0;2;0,46;48;6;33,80;37;2;0,645;20;1;0,602;32;2;-0,279;49;7;0,906;49;4;0,898;49;3;1,513;67;1;0,255;56;4;-1,80;14;10
KAJABI VB DA VALE;VBV7405;30/04/2008;12,31;1;1,95;0,61;72;10;8,57;71;1;10,78;70;1;11,20;71;1;1,72;56;2;6,49;0;1;-2,02;40;5;31,24;39;4;0,729;49;1;0,584;64;2;0,463;76;4;-1,819;76;9;0,051;76;6;1,536;24;1;-0,871;15;9;-1,29;14;10
GABINETE;F1045;17/10/1987;12,3;1;3,52;0,38;84;9;4,52;83;2;10,21;78;1;11,48;83;1;2,20;80;1;4,24;0;2;-11,48;74;2;35,09;72;1;-0,496;70;10;-0,715;76;10;1,020;61;2;5,487;61;1;4,145;61;1;3,255;65;1;0,117;54;5;4,11;45;1
PAKAYR DA EAO;EAO4229;15/08/2010;12,28;1;0,0;0,23;89;7;4,61;90;2;9,67;88;1;15,91;90;1;1,72;69;2;4,88;0;1;-13,52;72;2;32,26;34;3;-0,213;81;8;0,063;84;5;0,842;77;3;2,016;77;2;2,585;77;1;2,936;77;1;1,177;67;1;1,75;28;1
NUMARU FIV MAT.;RDM4582;08/11/2009;12,26;1;0,0;0,22;82;7;5,62;87;1;8,24;85;1;11,43;87;1;1,19;68;3;3,99;0;2;-21,66;70;1;31,82;45;3;0,018;74;6;-0,108;79;7;0,546;74;4;3,553;74;1;3,213;74;1;0,747;51;3;-0,115;39;6;-0,28;34;7
GANGLIO KA;KAPM1905;10/11/2010;12,25;1;0,0;0,89;88;10;12,93;88;1;18,72;85;1;22,68;87;1;2,29;73;1;8,35;0;1;4,80;64;8;21,08;48;10;1,232;82;1;1,680;82;1;1,919;56;1;4,954;56;1;4,326;56;1;3,158;76;1;-0,862;68;9;0,06;37;5
TURBO DA AGUA FRIA;JCGG4227;04/08/2012;12,25;1;0,20;0,11;84;6;2,42;88;4;4,52;86;3;8,06;88;2;3,33;65;1;6,17;0;1;-19,08;65;1;33,20;28;2;0,481;78;1;0,542;82;2;0,849;87;3;3,859;87;1;1,879;87;1;0,240;81;5;0,967;73;2;1,37;30;1
PERUANO DE NAVIRAI;CSCC5200;30/09/2014;12,23;1;1,27;-0,01;84;4;3,76;85;3;7,14;82;2;12,00;84;1;0,66;39;4;3,10;0;2;-12,65;38;2;34,44;19;1;0,612;69;1;0,575;72;2;1,977;65;1;1,654;65;2;1,255;65;3;1,383;55;2;5,045;38;1;0,34;23;4
2734 FIV DE NAV.;CSCF2734;21/03/2014;12,23;1;6,64;0,74;79;10;7,83;79;1;10,76;77;1;16,99;78;1;-0,92;39;8;2,19;0;3;-8,65;36;3;32,72;18;2;0,159;68;4;0,327;65;3;-0,716;59;9;1,924;59;2;5,067;59;1;3,440;69;1;3,180;58;1;0,24;34;4
1646 DA MN;D7661;19/10/1983;12,23;1;0,0;0,26;97;8;2,96;97;3;5,03;96;3;6,44;97;3;0,83;97;4;2,75;0;3;-24,30;96;1;35,73;95;1;0,219;92;3;0,041;94;6;0,754;93;3;0,279;93;5;-0,298;93;7;0,405;88;4;-0,004;83;5;0,60;77;3
BINGAR DA AT;AAT6675;06/09/2006;12,2;1;8,20;0,25;84;8;2,24;88;4;4,97;84;3;7,35;87;2;1,94;74;1;2,26;0;3;-15,53;73;1;35,80;55;1;0,897;71;1;1,610;80;1;-0,510;75;8;2,127;75;2;2,300;75;1;-0,912;70;9;-0,945;58;9;-2,97;57;10
MANDARIN MAT.;RDM4253;15/10/2008;12,2;1;0,39;0,46;96;10;7,08;96;1;9,27;95;1;13,00;96;1;3,57;91;1;8,32;0;1;-5,62;90;4;29,22;85;6;0,577;93;1;0,841;94;1;1,703;94;1;1,488;94;2;2,416;94;1;1,628;91;1;0,562;87;3;0,61;67;3
HEREGE DO IZ;IZSNAA1949;19/09/2008;12,2;1;0,98;-0,92;76;1;4,30;76;2;9,50;73;1;14,18;76;1;-0,85;49;8;1,35;0;4;-18,95;46;1;33,73;9;2;0,181;54;4;1,062;71;1;3,837;73;1;2,195;73;1;1,848;73;2;2,634;15;1;0,750;3;2;0,86;3;2
